date,co2_ppm
1958-03,312.19
1958-04,312.12
1958-05,312.34
1958-06,313.42
1958-07,315.03
1958-08,316.69
1958-09,318.06
1958-10,318.33
1958-11,318.33
1958-12,317.68
1959-01,315.80
1959-02,314.74
1959-03,313.48
1959-04,312.81
1959-05,313.52
1959-06,314.52
1959-07,316.54
1959-08,317.65
1959-09,319.45
1959-10,319.75
1959-11,318.78
1959-12,318.47
1960-01,317.25
1960-02,315.25
1960-03,314.68
1960-04,313.67
1960-05,314.67
1960-06,315.38
1960-07,317.50
1960-08,318.52
1960-09,319.49
1960-10,320.74
1960-11,320.90
1960-12,319.17
1961-01,318.11
1961-02,316.52
1961-03,315.40
1961-04,315.32
1961-05,316.06
1961-06,316.53
1961-07,318.57
1961-08,320.10
1961-09,320.85
1961-10,322.10
1961-11,321.87
1961-12,320.13
1962-01,319.39
1962-02,317.56
1962-03,316.50
1962-04,316.60
1962-05,316.77
1962-06,317.98
1962-07,319.87
1962-08,321.40
1962-09,322.49
1962-10,322.41
1962-11,322.06
1962-12,321.72
1963-01,319.80
1963-02,318.66
1963-03,317.35
1963-04,317.26
1963-05,317.48
1963-06,319.39
1963-07,320.32
1963-08,322.14
1963-09,323.31
1963-10,324.15
1963-11,323.18
1963-12,322.52
1964-01,321.07
1964-02,319.85
1964-03,318.83
1964-04,318.28
1964-05,318.95
1964-06,319.99
1964-07,321.79
1964-08,323.24
1964-09,324.29
1964-10,324.94
1964-11,324.73
1964-12,324.20
1965-01,322.11
1965-02,320.90
1965-03,320.18
1965-04,318.99
1965-05,319.57
1965-06,320.90
1965-07,322.76
1965-08,324.99
1965-09,325.67
1965-10,326.37
1965-11,325.71
1965-12,324.14
1966-01,322.78
1966-02,322.20
1966-03,320.99
1966-04,320.31
1966-05,321.41
1966-06,321.94
1966-07,324.21
1966-08,325.88
1966-09,326.52
1966-10,326.93
1966-11,327.11
1966-12,325.63
1967-01,324.71
1967-02,322.79
1967-03,322.29
1967-04,321.81
1967-05,322.17
1967-06,323.25
1967-07,325.13
1967-08,326.20
1967-09,327.80
1967-10,328.26
1967-11,328.23
1967-12,326.74
1968-01,326.08
1968-02,324.17
1968-03,322.97
1968-04,323.29
1968-05,323.86
1968-06,324.60
1968-07,326.02
1968-08,327.84
1968-09,328.86
1968-10,329.46
1968-11,329.62
1968-12,328.33
1969-01,326.87
1969-02,325.52
1969-03,324.42
1969-04,324.34
1969-05,324.85
1969-06,325.73
1969-07,327.45
1969-08,329.63
1969-09,330.33
1969-10,330.68
1969-11,330.93
1969-12,329.43
1970-01,327.75
1970-02,326.79
1970-03,325.40
1970-04,325.20
1970-05,325.91
1970-06,326.99
1970-07,328.44
1970-08,330.09
1970-09,331.28
1970-10,332.22
1970-11,331.45
1970-12,330.49
1971-01,329.74
1971-02,327.70
1971-03,327.21
1971-04,326.87
1971-05,327.00
1971-06,327.89
1971-07,329.96
1971-08,331.61
1971-09,332.89
1971-10,333.17
1971-11,333.15
1971-12,332.20
1972-01,330.20
1972-02,329.42
1972-03,328.11
1972-04,327.63
1972-05,328.19
1972-06,329.95
1972-07,331.33
1972-08,332.24
1972-09,333.91
1972-10,334.36
1972-11,334.05
1972-12,332.97
1973-01,331.34
1973-02,330.52
1973-03,329.08
1973-04,328.92
1973-05,329.37
1973-06,330.54
1973-07,332.52
1973-08,334.03
1973-09,334.97
1973-10,335.41
1973-11,335.23
1973-12,334.60
1974-01,333.00
1974-02,331.63
1974-03,330.50
1974-04,330.22
1974-05,330.84
1974-06,331.53
1974-07,334.00
1974-08,335.01
1974-09,336.27
1974-10,337.26
1974-11,336.68
1974-12,335.65
1975-01,334.10
1975-02,332.46
1975-03,331.90
1975-04,331.86
1975-05,331.85
1975-06,333.62
1975-07,334.61
1975-08,336.31
1975-09,337.83
1975-10,338.21
1975-11,338.09
1975-12,336.74
1976-01,335.28
1976-02,333.68
1976-03,332.85
1976-04,332.59
1976-05,333.02
1976-06,334.66
1976-07,336.02
1976-08,337.30
1976-09,339.63
1976-10,339.31
1976-11,338.91
1976-12,338.55
1977-01,337.14
1977-02,335.17
1977-03,334.10
1977-04,333.93
1977-05,334.97
1977-06,335.82
1977-07,337.31
1977-08,339.11
1977-09,340.63
1977-10,340.50
1977-11,340.46
1977-12,339.22
1978-01,338.72
1978-02,337.24
1978-03,336.04
1978-04,335.48
1978-05,336.19
1978-06,336.71
1978-07,338.92
1978-08,340.13
1978-09,341.34
1978-10,342.01
1978-11,341.81
1978-12,341.05
1979-01,339.70
1979-02,338.20
1979-03,336.91
1979-04,337.03
1979-05,337.35
1979-06,338.88
1979-07,339.97
1979-08,341.12
1979-09,342.91
1979-10,344.08
1979-11,343.37
1979-12,342.22
1980-01,341.11
1980-02,339.63
1980-03,338.63
1980-04,338.10
1980-05,338.76
1980-06,340.01
1980-07,341.41
1980-08,342.91
1980-09,344.44
1980-10,345.16
1980-11,344.79
1980-12,343.77
1981-01,342.39
1981-02,341.53
1981-03,339.96
1981-04,339.87
1981-05,340.62
1981-06,341.36
1981-07,343.03
1981-08,344.84
1981-09,346.21
1981-10,346.39
1981-11,346.12
1981-12,345.07
1982-01,343.36
1982-02,342.56
1982-03,341.23
1982-04,340.58
1982-05,341.50
1982-06,342.32
1982-07,344.12
1982-08,345.99
1982-09,346.97
1982-10,347.99
1982-11,347.07
1982-12,346.52
1983-01,345.22
1983-02,344.06
1983-03,342.95
1983-04,342.49
1983-05,342.97
1983-06,344.16
1983-07,346.08
1983-08,347.25
1983-09,348.76
1983-10,349.13
1983-11,348.93
1983-12,347.82
1984-01,347.04
1984-02,344.96
1984-03,344.21
1984-04,343.94
1984-05,344.54
1984-06,345.72
1984-07,347.34
1984-08,349.10
1984-09,349.69
1984-10,350.60
1984-11,350.00
1984-12,349.39
1985-01,347.66
1985-02,346.34
1985-03,345.59
1985-04,345.67
1985-05,345.99
1985-06,347.14
1985-07,349.04
1985-08,350.07
1985-09,351.01
1985-10,351.95
1985-11,351.70
1985-12,351.11
1986-01,349.96
1986-02,347.71
1986-03,347.69
1986-04,347.18
1986-05,347.53
1986-06,348.63
1986-07,350.77
1986-08,351.80
1986-09,352.89
1986-10,353.57
1986-11,352.91
1986-12,352.40
1987-01,350.88
1987-02,349.61
1987-03,348.64
1987-04,348.01
1987-05,349.13
1987-06,349.77
1987-07,351.87
1987-08,352.88
1987-09,354.59
1987-10,354.82
1987-11,354.76
1987-12,353.61
1988-01,351.86
1988-02,350.75
1988-03,350.07
1988-04,349.94
1988-05,349.94
1988-06,351.00
1988-07,352.94
1988-08,354.73
1988-09,355.85
1988-10,356.34
1988-11,356.48
1988-12,355.53
1989-01,354.10
1989-02,352.31
1989-03,351.59
1989-04,351.25
1989-05,351.47
1989-06,353.28
1989-07,354.70
1989-08,356.19
1989-09,357.89
1989-10,358.26
1989-11,358.01
1989-12,357.12
1990-01,355.63
1990-02,353.76
1990-03,353.01
1990-04,353.09
1990-05,353.18
1990-06,354.60
1990-07,356.32
1990-08,358.21
1990-09,359.40
1990-10,359.84
1990-11,359.29
1990-12,358.60
1991-01,357.13
1991-02,355.59
1991-03,355.00
1991-04,354.51
1991-05,354.73
1991-06,356.47
1991-07,357.72
1991-08,359.56
1991-09,360.26
1991-10,361.17
1991-11,360.67
1991-12,359.69
1992-01,358.09
1992-02,357.73
1992-03,356.19
1992-04,356.02
1992-05,356.77
1992-06,357.69
1992-07,359.48
1992-08,360.65
1992-09,362.27
1992-10,362.65
1992-11,362.61
1992-12,361.56
1993-01,359.80
1993-02,358.32
1993-03,357.56
1993-04,357.73
1993-05,358.19
1993-06,359.41
1993-07,360.44
1993-08,361.91
1993-09,363.66
1993-10,364.26
1993-11,363.93
1993-12,363.20
1994-01,361.71
1994-02,360.09
1994-03,359.20
1994-04,359.19
1994-05,359.71
1994-06,360.90
1994-07,363.12
1994-08,364.12
1994-09,365.45
1994-10,365.71
1994-11,365.60
1994-12,364.86
1995-01,363.51
1995-02,361.96
1995-03,361.14
1995-04,360.79
1995-05,360.84
1995-06,361.73
1995-07,364.76
1995-08,366.02
1995-09,367.04
1995-10,367.16
1995-11,367.01
1995-12,366.70
1996-01,364.30
1996-02,363.56
1996-03,362.89
1996-04,362.45
1996-05,363.14
1996-06,364.15
1996-07,366.42
1996-08,367.20
1996-09,368.36
1996-10,369.31
1996-11,369.33
1996-12,368.00
1997-01,366.91
1997-02,365.16
1997-03,364.03
1997-04,364.42
1997-05,365.00
1997-06,366.23
1997-07,367.37
1997-08,368.83
1997-09,370.07
1997-10,370.85
1997-11,370.78
1997-12,369.81
1998-01,367.96
1998-02,367.01
1998-03,366.01
1998-04,365.76
1998-05,366.28
1998-06,367.47
1998-07,369.31
1998-08,370.83
1998-09,372.10
1998-10,372.41
1998-11,372.42
1998-12,371.33
1999-01,369.48
1999-02,368.77
1999-03,367.62
1999-04,367.66
1999-05,367.93
1999-06,369.19
1999-07,370.91
1999-08,372.49
1999-09,373.63
1999-10,373.83
1999-11,374.48
1999-12,372.67
2000-01,371.62
2000-02,370.51
2000-03,369.49
2000-04,369.28
2000-05,369.87
2000-06,371.24
2000-07,372.64
2000-08,374.94
2000-09,375.20
2000-10,376.05
2000-11,375.65
2000-12,374.65
2001-01,373.50
2001-02,372.44
2001-03,370.94
2001-04,370.68
2001-05,371.59
2001-06,372.79
2001-07,374.78
2001-08,376.20
2001-09,377.24
2001-10,377.65
2001-11,377.53
2001-12,376.48
2002-01,374.82
2002-02,373.81
2002-03,372.81
2002-04,372.54
2002-05,373.04
2002-06,374.82
2002-07,376.21
2002-08,377.92
2002-09,378.78
2002-10,379.22
2002-11,379.15
2002-12,378.33
2003-01,376.83
2003-02,375.52
2003-03,374.85
2003-04,374.43
2003-05,374.66
2003-06,376.05
2003-07,377.64
2003-08,379.49
2003-09,380.40
2003-10,381.20
2003-11,381.16
2003-12,380.05
2004-01,378.46
2004-02,377.18
2004-03,376.42
2004-04,376.26
2004-05,376.89
2004-06,377.90
2004-07,379.25
2004-08,381.59
2004-09,382.55
2004-10,383.13
2004-11,382.85
2004-12,381.57
2005-01,380.40
2005-02,379.19
2005-03,378.44
2005-04,377.94
2005-05,377.70
2005-06,379.67
2005-07,381.47
2005-08,383.35
2005-09,384.45
2005-10,385.45
2005-11,384.93
2005-12,383.97
2006-01,382.52
2006-02,380.59
2006-03,380.20
2006-04,379.89
2006-05,380.16
2006-06,381.69
2006-07,383.29
2006-08,384.73
2006-09,386.06
2006-10,386.58
2006-11,386.45
2006-12,385.34
2007-01,384.24
2007-02,382.28
2007-03,381.74
2007-04,381.14
2007-05,382.00
2007-06,383.50
2007-07,385.03
2007-08,386.65
2007-09,387.94
2007-10,388.87
2007-11,387.96
2007-12,387.51
2008-01,385.56
2008-02,384.48
2008-03,383.69
2008-04,383.19
2008-05,384.01
2008-06,385.40
2008-07,386.57
2008-08,388.50
2008-09,389.68
2008-10,389.85
2008-11,390.04
2008-12,388.94
2009-01,388.13
2009-02,386.23
2009-03,385.94
2009-04,385.13
2009-05,386.31
2009-06,387.21
2009-07,388.85
2009-08,390.59
2009-09,391.87
2009-10,392.55
2009-11,392.39
2009-12,390.93
2010-01,389.36
2010-02,387.66
2010-03,387.29
2010-04,387.33
2010-05,387.79
2010-06,388.98
2010-07,390.53
2010-08,392.11
2010-09,393.46
2010-10,394.18
2010-11,393.40
2010-12,393.08
2011-01,391.20
2011-02,390.18
2011-03,389.12
2011-04,388.94
2011-05,389.33
2011-06,390.56
2011-07,392.45
2011-08,393.90
2011-09,396.04
2011-10,395.88
2011-11,395.58
2011-12,394.67
2012-01,393.20
2012-02,391.51
2012-03,391.12
2012-04,391.02
2012-05,391.13
2012-06,392.77
2012-07,394.12
2012-08,396.08
2012-09,397.43
2012-10,398.03
2012-11,397.77
2012-12,396.55
2013-01,395.61
2013-02,393.94
2013-03,393.20
2013-04,393.05
2013-05,393.36
2013-06,394.37
2013-07,396.51
2013-08,397.74
2013-09,399.06
2013-10,399.57
2013-11,399.81
2013-12,398.63
2014-01,396.77
2014-02,396.17
2014-03,395.57
2014-04,395.27
2014-05,395.24
2014-06,396.66
2014-07,398.43
2014-08,400.19
2014-09,401.24
2014-10,401.52
2014-11,401.75
2014-12,400.78
2015-01,398.95
2015-02,397.86
2015-03,397.08
2015-04,396.78
2015-05,397.48
2015-06,398.81
2015-07,400.41
2015-08,401.91
2015-09,402.86
2015-10,403.92
2015-11,403.88
2015-12,403.09
2016-01,401.25
2016-02,399.92
2016-03,399.35
2016-04,399.12
2016-05,399.41
2016-06,400.77
2016-07,402.06
2016-08,404.07
2016-09,404.98
2016-10,405.72
2016-11,405.49
2016-12,404.47
2017-01,402.72
2017-02,401.71
2017-03,401.07
2017-04,400.74
2017-05,401.22
2017-06,402.69
2017-07,404.43
2017-08,406.13
2017-09,406.98
2017-10,407.76
2017-11,407.44
2017-12,406.37
2018-01,404.89
2018-02,403.90
2018-03,402.78
2018-04,403.30
2018-05,403.31
2018-06,404.55
2018-07,406.17
2018-08,408.41
2018-09,408.97
2018-10,409.74
2018-11,409.35
2018-12,408.58
2019-01,407.28
2019-02,406.23
2019-03,404.67
2019-04,404.79
2019-05,405.77
2019-06,406.51
2019-07,408.26
2019-08,409.75
2019-09,410.59
2019-10,411.79
2019-11,411.88
2019-12,410.54
2020-01,408.87
2020-02,408.07
2020-03,407.09
2020-04,407.09
2020-05,407.64
2020-06,408.62
2020-07,410.46
2020-08,411.58
2020-09,413.58
2020-10,413.92
2020-11,413.91
2020-12,412.98
2021-01,411.32
2021-02,410.02
2021-03,408.92
2021-04,408.39
2021-05,409.45
2021-06,410.79
2021-07,412.15
2021-08,414.27
2021-09,415.39
2021-10,416.06
2021-11,415.52
2021-12,414.35
2022-01,413.66
2022-02,412.29
2022-03,411.19
2022-04,410.88
2022-05,411.49
2022-06,412.80
2022-07,414.38
2022-08,415.68
2022-09,417.65
2022-10,417.66
2022-11,417.72
2022-12,416.81
2023-01,415.62
2023-02,413.83
2023-03,413.61
2023-04,413.25
2023-05,413.85
2023-06,415.25
2023-07,416.41
2023-08,417.50
2023-09,419.65
2023-10,420.47
2023-11,420.21
2023-12,418.86
