tid_s,oksygen_mg/L
0,6.66
1,6.83
2,6.82
3,6.84
4,6.83
5,6.82
6,6.77
7,6.86
8,6.79
9,6.78
10,6.78
11,6.83
12,6.82
13,6.82
14,6.82
15,6.91
16,6.78
17,6.78
18,6.76
19,6.83
20,6.86
21,6.80
22,6.76
23,6.76
24,6.83
25,6.84
26,6.83
27,6.77
28,6.81
29,6.81
30,6.81
31,6.85
32,6.81
33,6.84
34,6.81
35,6.82
36,6.83
37,6.73
38,6.79
39,6.78
40,6.77
41,6.79
42,6.88
43,6.76
44,6.85
45,6.72
46,6.79
47,6.81
48,6.83
49,6.84
50,6.84
51,6.79
52,6.78
53,6.85
54,6.79
55,6.74
56,6.75
57,6.76
58,6.83
59,6.81
60,6.84
61,6.78
62,6.81
63,6.83
64,6.79
65,6.83
66,6.77
67,6.79
68,6.78
69,6.74
70,6.83
71,6.78
72,6.80
73,6.83
74,6.83
75,6.84
76,6.80
77,6.78
78,6.80
79,6.72
80,6.73
81,6.74
82,6.75
83,6.82
84,6.76
85,6.79
86,6.87
87,6.79
88,6.84
89,6.76
90,6.79
91,6.76
92,6.79
93,6.85
94,6.72
95,6.83
96,6.82
97,6.78
98,6.73
99,6.81
100,6.78
101,6.82
102,6.81
103,6.89
104,6.79
105,6.75
106,6.81
107,6.82
108,6.87
109,6.85
110,6.82
111,6.88
112,6.75
113,6.77
114,6.76
115,6.79
116,6.74
117,6.84
118,6.80
119,6.73
120,6.76
121,6.82
122,6.85
123,6.91
124,6.95
125,6.83
126,6.76
127,6.70
128,6.82
129,6.77
130,6.79
131,6.78
132,6.80
133,6.86
134,6.82
135,6.80
136,6.76
137,6.72
138,6.78
139,6.80
140,6.90
141,6.81
142,6.86
143,6.78
144,6.75
145,6.76
146,6.77
147,6.91
148,6.77
149,6.85
150,6.76
151,6.85
152,6.83
153,6.80
154,6.81
155,6.78
156,6.83
157,6.79
158,6.75
159,6.74
160,6.82
161,6.89
162,6.82
163,6.80
164,6.82
165,6.87
166,6.82
167,6.79
168,6.86
169,6.83
170,6.89
171,6.82
172,6.75
173,6.74
174,6.89
175,6.90
176,6.80
177,6.79
178,6.88
179,6.75
180,6.76
181,6.84
182,6.79
183,6.81
184,6.80
185,6.83
186,6.88
187,6.81
188,6.84
189,6.71
190,6.81
191,6.77
192,6.75
193,6.77
194,6.79
195,6.86
196,6.74
197,6.81
198,6.79
199,6.79
200,6.86
201,6.84
202,6.88
203,6.80
204,6.78
205,6.80
206,6.82
207,6.82
208,6.76
209,6.82
210,6.82
211,6.94
212,6.90
213,6.77
214,6.80
215,6.74
216,6.78
217,6.83
218,6.87
219,6.77
220,6.78
221,6.70
222,6.80
223,6.76
224,6.78
225,6.77
226,6.81
227,6.72
228,6.74
229,6.92
230,6.75
231,6.76
232,6.90
233,6.96
234,6.75
235,6.79
236,6.83
237,6.90
238,6.76
239,6.80
240,6.85
241,6.83
242,6.79
243,6.81
244,6.74
245,6.80
246,6.80
247,6.82
248,6.78
249,6.84
250,6.86
251,6.82
252,6.83
253,6.81
254,6.81
255,6.78
256,6.83
257,6.81
258,6.92
259,6.89
260,6.83
261,6.77
262,6.76
263,6.87
264,6.83
265,6.84
266,6.73
267,6.86
268,6.84
269,6.76
270,6.79
271,6.83
272,6.82
273,6.80
274,6.81
275,6.80
276,6.82
277,6.89
278,6.68
279,6.80
280,6.82
281,6.83
282,6.79
283,6.73
284,6.83
285,6.90
286,6.74
287,6.86
288,6.80
289,6.81
290,6.76
291,6.80
292,6.88
293,6.84
294,6.90
295,6.87
296,6.84
297,6.90
298,6.84
299,6.85
300,6.80
301,6.82
302,6.78
303,6.86
304,6.75
305,6.85
306,6.80
307,6.87
308,6.85
309,6.90
310,6.85
311,6.74
312,6.81
313,6.76
314,6.79
315,6.89
316,6.85
317,6.78
318,6.76
319,6.82
320,6.75
321,6.78
322,6.83
323,6.87
324,6.84
325,6.70
326,6.83
327,6.82
328,6.83
329,6.89
330,6.71
331,6.78
332,6.84
333,6.74
334,6.89
335,6.83
336,6.86
337,6.79
338,6.86
339,6.87
340,6.83
341,6.83
342,6.83
343,6.77
344,6.81
345,6.81
346,6.83
347,6.86
348,6.76
349,6.81
350,6.89
351,6.78
352,6.77
353,6.82
354,6.86
355,6.82
356,6.88
357,6.86
358,6.86
359,6.84
360,6.93
361,6.80
362,6.71
363,6.89
364,6.79
365,6.82
366,6.88
367,6.73
368,6.75
369,6.73
370,6.78
371,6.84
372,6.84
373,6.83
374,6.74
375,6.70
376,6.82
377,6.79
378,6.84
379,6.85
380,6.82
381,6.85
382,6.83
383,6.84
384,6.78
385,6.81
386,6.82
387,6.86
388,6.80
389,6.84
390,6.80
391,6.81
392,6.86
393,6.72
394,6.75
395,6.74
396,6.70
397,6.78
398,6.85
399,6.80
400,6.82
401,6.87
402,6.88
403,6.81
404,6.88
405,6.82
406,6.77
407,6.79
408,6.74
409,6.77
410,6.80
411,6.86
412,6.90
413,6.75
414,6.83
415,6.76
416,6.84
417,6.81
418,6.72
419,6.86
420,6.78
421,6.79
422,6.76
423,6.78
424,6.84
425,6.81
426,6.83
427,6.83
428,6.88
429,6.80
430,6.74
431,6.87
432,6.80
433,6.87
434,6.83
435,6.81
436,6.83
437,6.91
438,6.92
439,6.82
440,6.82
441,6.87
442,6.77
443,6.83
444,6.81
445,6.83
446,6.77
447,6.74
448,6.71
449,6.76
450,6.79
451,6.80
452,6.91
453,6.87
454,6.77
455,6.83
456,6.79
457,6.80
458,6.82
459,6.85
460,6.80
461,6.87
462,6.76
463,6.82
464,6.94
465,6.83
466,6.89
467,6.82
468,6.84
469,6.81
470,6.81
471,6.78
472,6.84
473,6.77
474,6.85
475,6.87
476,6.83
477,6.80
478,6.84
479,6.80
480,6.86
481,6.72
482,6.80
483,6.71
484,6.74
485,6.88
486,6.86
487,6.78
488,6.74
489,6.67
490,6.79
491,6.94
492,6.84
493,6.79
494,6.84
495,6.74
496,6.80
497,6.82
498,6.81
499,6.85
500,6.83
501,6.85
502,6.78
503,6.86
504,6.90
505,6.77
506,6.77
507,6.88
508,6.80
509,6.88
510,6.79
511,6.89
512,6.82
513,6.83
514,6.89
515,6.80
516,6.77
517,6.79
518,6.84
519,6.74
520,6.85
521,6.79
522,6.87
523,6.69
524,6.77
525,6.73
526,6.77
527,6.83
528,6.80
529,6.80
530,6.81
531,6.82
532,6.76
533,6.85
534,6.85
535,6.83
536,6.84
537,6.83
538,6.92
539,6.81
540,6.80
541,6.78
542,6.76
543,6.75
544,6.77
545,6.81
546,6.83
547,6.82
548,6.77
549,6.86
550,6.85
551,6.81
552,6.78
553,6.84
554,6.82
555,6.74
556,6.81
557,6.83
558,6.77
559,6.82
560,6.74
561,6.88
562,6.88
563,6.80
564,6.83
565,6.69
566,6.75
567,6.80
568,6.76
569,6.85
570,6.91
571,6.75
572,6.77
573,6.82
574,6.89
575,6.75
576,6.82
577,6.90
578,6.73
579,6.75
580,6.79
581,6.79
582,6.85
583,6.82
584,6.72
585,6.84
586,6.78
587,6.88
588,6.78
589,6.78
590,6.84
591,6.85
592,6.83
593,6.73
594,6.84
595,6.76
596,6.82
597,6.74
598,6.83
599,6.77
600,6.75
601,6.85
602,6.82
603,6.78
604,6.88
605,6.79
606,6.81
607,6.82
608,6.78
609,6.83
610,6.78
611,6.79
612,6.88
613,6.76
614,6.69
615,6.89
616,6.94
617,6.79
618,6.71
619,6.80
620,6.80
621,6.80
622,6.76
623,6.84
624,6.84
625,6.74
626,6.85
627,6.91
628,6.82
629,6.79
630,6.80
631,6.84
632,6.72
633,6.82
634,6.79
635,6.90
636,6.80
637,6.89
638,6.75
639,6.84
640,6.83
641,6.77
642,6.82
643,6.87
644,6.79
645,6.73
646,6.81
647,6.76
648,6.79
649,6.81
650,6.72
651,6.73
652,6.83
653,6.78
654,6.68
655,6.85
656,6.82
657,6.77
658,6.74
659,6.85
660,6.83
661,6.93
662,6.83
663,6.83
664,6.80
665,6.85
666,6.84
667,6.87
668,6.78
669,6.79
670,6.78
671,6.85
672,6.88
673,6.79
674,6.79
675,6.82
676,6.80
677,6.86
678,6.70
679,6.77
680,6.77
681,6.69
682,6.76
683,6.76
684,6.80
685,6.86
686,6.80
687,6.76
688,6.80
689,6.86
690,6.76
691,6.76
692,6.84
693,6.80
694,6.84
695,6.81
696,6.84
697,6.76
698,6.81
699,6.80
700,6.75
701,6.73
702,6.84
703,6.79
704,6.76
705,6.80
706,6.86
707,6.69
708,6.73
709,6.76
710,6.88
711,6.82
712,6.84
713,6.75
714,6.75
715,6.83
716,6.81
717,6.83
718,6.80
719,6.82
720,6.81
721,6.85
722,6.85
723,6.73
724,6.69
725,6.86
726,6.87
727,6.75
728,6.71
729,6.81
730,6.85
731,6.90
732,6.83
733,6.79
734,6.76
735,6.81
736,6.79
737,6.75
738,6.91
739,6.89
740,6.86
741,6.76
742,6.85
743,6.84
744,6.83
745,6.87
746,6.84
747,6.84
748,6.84
749,6.82
750,6.72
751,6.81
752,6.78
753,6.74
754,6.89
755,6.89
756,6.87
757,6.82
758,6.87
759,6.80
760,6.81
761,6.75
762,6.82
763,6.81
764,6.74
765,6.80
766,6.80
767,6.89
768,6.85
769,6.80
770,6.82
771,6.81
772,6.79
773,6.75
774,6.80
775,6.77
776,6.74
777,6.83
778,6.82
779,6.71
780,6.80
781,6.85
782,6.86
783,6.85
784,6.80
785,6.76
786,6.75
787,6.82
788,6.82
789,6.87
790,6.86
791,6.80
792,6.74
793,6.79
794,6.81
795,6.79
796,6.77
797,6.81
798,6.78
799,6.77
800,6.82
801,6.78
802,6.81
803,6.82
804,6.74
805,6.78
806,6.87
807,6.74
808,6.70
809,6.71
810,6.80
811,6.80
812,6.80
813,6.86
814,6.67
815,6.82
816,6.88
817,6.74
818,6.78
819,6.76
820,6.76
821,6.78
822,6.87
823,6.89
824,6.78
825,6.90
826,6.80
827,6.89
828,6.80
829,6.81
830,6.82
831,6.96
832,6.84
833,6.76
834,6.85
835,6.78
836,6.78
837,6.85
838,6.80
839,6.81
840,6.80
841,6.82
842,6.82
843,6.70
844,6.83
845,6.75
846,6.73
847,6.80
848,6.80
849,6.76
850,6.84
851,6.73
852,6.78
853,6.77
854,6.80
855,6.81
856,6.75
857,6.83
858,6.80
859,6.70
860,6.70
861,6.80
862,6.79
863,6.79
864,6.80
865,6.81
866,6.85
867,6.74
868,6.74
869,6.74
870,6.81
871,6.86
872,6.78
873,6.67
874,6.71
875,6.76
876,6.77
877,6.78
878,6.80
879,6.78
880,6.85
881,6.76
882,6.75
883,6.82
884,6.72
885,6.82
886,6.80
887,6.79
888,6.88
889,6.77
890,6.90
891,6.79
892,6.73
893,6.80
894,6.74
895,6.76
896,6.82
897,6.82
898,6.77
899,6.85
900,6.85
901,6.87
902,6.82
903,6.86
904,6.70
905,6.78
906,6.75
907,6.80
908,6.77
909,6.79
910,6.89
911,6.79
912,6.82
913,6.78
914,6.80
915,6.80
916,6.82
917,6.85
918,6.88
919,6.81
920,6.82
921,6.74
922,6.79
923,6.84
924,6.84
925,6.81
926,6.84
927,6.82
928,6.85
929,6.81
930,6.78
931,6.81
932,6.65
933,6.81
934,6.61
935,6.71
936,6.82
937,6.82
938,6.74
939,6.76
940,6.86
941,6.77
942,6.91
943,6.79
944,6.81
945,6.87
946,6.80
947,6.74
948,6.79
949,6.79
950,6.73
951,6.78
952,6.76
953,6.84
954,6.80
955,6.78
956,6.79
957,6.80
958,6.82
959,6.74
960,6.74
961,6.85
962,6.77
963,6.72
964,6.82
965,6.82
966,6.72
967,6.80
968,6.83
969,6.81
970,6.82
971,6.72
972,6.81
973,6.78
974,6.77
975,6.84
976,6.87
977,6.88
978,6.86
979,6.79
980,6.81
981,6.83
982,6.80
983,6.80
984,6.83
985,6.79
986,6.76
987,6.77
988,6.82
989,6.79
990,6.81
991,6.83
992,6.77
993,6.83
994,6.81
995,6.73
996,6.86
997,6.77
998,6.71
999,6.74
1000,6.74
1001,6.79
1002,6.78
1003,6.77
1004,6.82
1005,6.81
1006,6.81
1007,6.81
1008,6.82
1009,6.69
1010,6.77
1011,6.68
1012,6.79
1013,6.79
1014,6.84
1015,6.85
1016,6.80
1017,6.77
1018,6.81
1019,6.76
1020,6.79
1021,6.84
1022,6.76
1023,6.83
1024,6.82
1025,6.74
1026,6.84
1027,6.82
1028,6.80
1029,6.75
1030,6.75
1031,6.76
1032,6.82
1033,6.74
1034,1.35
1035,6.73
1036,6.78
1037,6.80
1038,6.91
1039,6.72
1040,6.86
1041,6.80
1042,6.81
1043,6.80
1044,6.81
1045,6.78
1046,6.86
1047,6.77
1048,6.85
1049,6.76
1050,6.79
1051,6.74
1052,6.81
1053,6.86
1054,6.79
1055,6.78
1056,6.73
1057,6.78
1058,6.71
1059,6.74
1060,6.80
1061,6.85
1062,6.93
1063,6.76
1064,6.86
1065,6.80
1066,6.78
1067,6.81
1068,6.79
1069,6.79
1070,6.77
1071,6.72
1072,6.71
1073,6.82
1074,6.77
1075,6.76
1076,6.79
1077,6.83
1078,6.80
1079,6.76
1080,6.85
1081,6.87
1082,6.81
1083,6.84
1084,6.85
1085,6.84
1086,6.82
1087,6.82
1088,6.81
1089,6.73
1090,6.82
1091,6.72
1092,6.75
1093,6.85
1094,6.83
1095,6.86
1096,6.77
1097,6.73
1098,6.78
1099,6.79
1100,6.79
1101,6.84
1102,6.77
1103,6.80
1104,6.74
1105,6.81
1106,6.79
1107,6.75
1108,6.78
1109,6.78
1110,6.77
1111,6.88
1112,6.78
1113,6.77
1114,6.68
1115,6.74
1116,6.77
1117,6.75
1118,6.86
1119,6.78
1120,6.85
1121,6.79
1122,6.79
1123,6.78
1124,6.79
1125,6.87
1126,6.67
1127,6.69
1128,6.76
1129,6.79
1130,6.82
1131,6.81
1132,6.77
1133,6.84
1134,6.84
1135,6.80
1136,6.83
1137,6.80
1138,6.76
1139,6.82
1140,6.79
1141,6.79
1142,6.86
1143,6.66
1144,6.72
1145,6.73
1146,6.77
1147,6.77
1148,6.71
1149,6.74
1150,6.74
1151,6.91
1152,6.88
1153,6.77
1154,6.77
1155,6.73
1156,6.69
1157,6.78
1158,6.74
1159,6.78
1160,6.71
1161,6.75
1162,6.79
1163,6.80
1164,6.81
1165,6.72
1166,6.83
1167,6.75
1168,6.82
1169,6.79
1170,6.72
1171,6.77
1172,6.80
1173,6.82
1174,6.78
1175,6.86
1176,6.84
1177,6.77
1178,6.82
1179,6.88
1180,6.88
1181,6.72
1182,6.74
1183,6.86
1184,6.73
1185,1.28
1186,6.76
1187,6.81
1188,6.78
1189,6.75
1190,6.75
1191,6.75
1192,6.74
1193,6.90
1194,6.80
1195,6.83
1196,6.76
1197,6.78
1198,6.75
1199,6.65
1200,6.72
1201,6.69
1202,6.67
1203,6.73
1204,6.85
1205,6.78
1206,6.85
1207,6.81
1208,6.82
1209,6.74
1210,6.81
1211,6.82
1212,6.76
1213,6.81
1214,6.81
1215,6.76
1216,6.73
1217,6.73
1218,6.79
1219,6.80
1220,6.75
1221,6.79
1222,6.81
1223,6.82
1224,6.86
1225,6.85
1226,6.73
1227,6.87
1228,6.76
1229,6.84
1230,6.79
1231,6.76
1232,6.69
1233,6.78
1234,6.71
1235,6.83
1236,6.86
1237,6.75
1238,6.80
1239,6.75
1240,6.75
1241,6.82
1242,6.78
1243,6.87
1244,6.76
1245,6.83
1246,6.79
1247,6.82
1248,6.76
1249,6.78
1250,6.78
1251,6.74
1252,6.82
1253,6.82
1254,6.81
1255,6.86
1256,6.86
1257,6.77
1258,6.80
1259,6.75
1260,6.79
1261,6.76
1262,6.87
1263,6.80
1264,6.77
1265,6.84
1266,6.68
1267,6.68
1268,6.82
1269,6.79
1270,6.80
1271,6.72
1272,6.78
1273,6.89
1274,6.83
1275,6.79
1276,6.76
1277,6.77
1278,6.68
1279,6.80
1280,6.83
1281,6.71
1282,6.75
1283,6.73
1284,6.74
1285,6.79
1286,6.68
1287,6.82
1288,6.82
1289,6.77
1290,6.66
1291,6.74
1292,6.85
1293,6.65
1294,6.77
1295,6.73
1296,6.83
1297,6.75
1298,6.81
1299,6.81
1300,6.88
1301,6.78
1302,6.80
1303,6.71
1304,6.84
1305,6.75
1306,6.76
1307,6.78
1308,6.71
1309,6.80
1310,6.83
1311,6.80
1312,6.71
1313,6.78
1314,6.82
1315,6.69
1316,6.73
1317,6.83
1318,6.80
1319,6.81
1320,6.88
1321,6.81
1322,6.82
1323,6.92
1324,6.77
1325,6.75
1326,6.81
1327,6.81
1328,6.76
1329,6.73
1330,6.90
1331,6.80
1332,6.75
1333,6.83
1334,6.78
1335,6.77
1336,6.81
1337,6.72
1338,6.80
1339,6.88
1340,6.81
1341,6.77
1342,6.76
1343,6.77
1344,6.77
1345,6.77
1346,6.83
1347,6.70
1348,6.83
1349,6.77
1350,6.80
1351,6.73
1352,6.85
1353,6.85
1354,6.83
1355,6.71
1356,6.83
1357,6.81
1358,6.71
1359,6.79
1360,6.80
1361,6.81
1362,6.80
1363,6.80
1364,6.86
1365,6.85
1366,6.64
1367,6.77
1368,6.78
1369,6.70
1370,6.79
1371,6.85
1372,6.73
1373,6.80
1374,6.74
1375,6.75
1376,6.86
1377,6.76
1378,6.81
1379,6.69
1380,6.88
1381,6.82
1382,6.78
1383,6.82
1384,6.72
1385,6.85
1386,6.77
1387,6.78
1388,6.76
1389,6.76
1390,6.82
1391,6.80
1392,6.82
1393,6.79
1394,6.81
1395,6.77
1396,6.90
1397,6.71
1398,6.85
1399,6.86
1400,6.74
1401,6.90
1402,6.84
1403,6.84
1404,6.79
1405,6.78
1406,6.78
1407,6.81
1408,6.86
1409,6.80
1410,6.74
1411,6.83
1412,6.83
1413,6.82
1414,6.83
1415,6.77
1416,6.74
1417,6.74
1418,6.71
1419,6.80
1420,6.78
1421,6.77
1422,6.64
1423,6.73
1424,6.84
1425,6.75
1426,6.81
1427,6.72
1428,6.86
1429,6.78
1430,6.80
1431,6.90
1432,6.86
1433,6.77
1434,6.76
1435,6.77
1436,6.81
1437,6.78
1438,6.77
1439,6.86
1440,6.78
1441,6.90
1442,6.79
1443,6.88
1444,6.81
1445,6.84
1446,6.75
1447,6.75
1448,6.81
1449,6.84
1450,6.79
1451,6.72
1452,6.72
1453,6.72
1454,6.70
1455,6.79
1456,6.85
1457,6.79
1458,6.68
1459,6.78
1460,6.78
1461,6.89
1462,6.72
1463,6.77
1464,6.87
1465,6.81
1466,6.82
1467,6.80
1468,6.81
1469,6.83
1470,6.75
1471,6.83
1472,6.72
1473,6.81
1474,6.80
1475,6.76
1476,6.79
1477,6.76
1478,6.74
1479,6.77
1480,6.74
1481,6.81
1482,6.73
1483,6.83
1484,6.73
1485,6.76
1486,6.76
1487,6.86
1488,6.81
1489,6.78
1490,6.82
1491,6.69
1492,6.79
1493,6.89
1494,6.80
1495,6.79
1496,6.82
1497,6.84
1498,6.69
1499,6.71
1500,6.80
1501,6.76
1502,6.86
1503,6.78
1504,6.69
1505,6.73
1506,6.65
1507,6.78
1508,6.78
1509,6.77
1510,6.85
1511,6.85
1512,6.78
1513,6.69
1514,6.82
1515,6.82
1516,6.81
1517,6.84
1518,6.73
1519,6.89
1520,6.74
1521,6.83
1522,6.71
1523,6.75
1524,6.87
1525,6.78
1526,6.83
1527,6.80
1528,6.79
1529,6.86
1530,6.78
1531,6.70
1532,6.75
1533,6.82
1534,6.81
1535,6.71
1536,6.76
1537,6.76
1538,6.77
1539,6.72
1540,6.76
1541,6.76
1542,6.83
1543,6.83
1544,6.79
1545,6.77
1546,6.80
1547,6.75
1548,6.74
1549,6.75
1550,6.76
1551,6.74
1552,6.80
1553,6.83
1554,6.71
1555,6.80
1556,6.78
1557,6.81
1558,6.79
1559,6.72
1560,6.73
1561,6.80
1562,6.85
1563,6.68
1564,6.81
1565,6.85
1566,6.79
1567,6.82
1568,6.76
1569,6.79
1570,6.71
1571,6.68
1572,6.84
1573,6.75
1574,6.77
1575,6.73
1576,6.72
1577,6.79
1578,6.76
1579,6.81
1580,6.82
1581,6.81
1582,6.81
1583,6.87
1584,6.74
1585,6.79
1586,6.85
1587,6.86
1588,6.72
1589,6.78
1590,6.86
1591,6.82
1592,6.81
1593,6.79
1594,6.78
1595,6.81
1596,6.78
1597,6.79
1598,6.80
1599,6.76
1600,6.82
1601,6.94
1602,6.71
1603,6.81
1604,6.76
1605,6.83
1606,6.80
1607,6.83
1608,6.86
1609,6.81
1610,6.85
1611,6.68
1612,6.88
1613,6.82
1614,6.85
1615,6.74
1616,6.76
1617,6.80
1618,6.80
1619,6.81
1620,6.85
1621,6.71
1622,6.85
1623,6.80
1624,6.79
1625,6.72
1626,6.82
1627,6.68
1628,6.83
1629,6.72
1630,6.80
1631,6.79
1632,6.86
1633,6.79
1634,6.76
1635,6.77
1636,6.86
1637,6.83
1638,6.78
1639,6.79
1640,6.72
1641,6.82
1642,6.71
1643,6.84
1644,6.81
1645,6.92
1646,6.74
1647,6.79
1648,6.89
1649,6.86
1650,6.76
1651,6.81
1652,6.80
1653,6.81
1654,6.76
1655,6.79
1656,6.72
1657,6.81
1658,6.82
1659,6.79
1660,6.72
1661,6.85
1662,6.82
1663,6.76
1664,6.79
1665,6.72
1666,6.75
1667,6.77
1668,6.86
1669,6.77
1670,6.83
1671,6.77
1672,6.81
1673,6.79
1674,6.84
1675,6.77
1676,6.72
1677,6.73
1678,6.77
1679,6.74
1680,6.82
1681,6.78
1682,6.92
1683,6.71
1684,6.81
1685,6.74
1686,6.78
1687,6.81
1688,6.68
1689,6.81
1690,6.90
1691,6.78
1692,6.81
1693,6.85
1694,6.79
1695,6.77
1696,6.69
1697,6.83
1698,6.80
1699,6.75
1700,6.81
1701,6.77
1702,6.78
1703,6.83
1704,6.74
1705,6.85
1706,6.73
1707,6.77
1708,6.90
1709,6.86
1710,6.81
1711,6.76
1712,6.78
1713,6.81
1714,6.80
1715,6.80
1716,6.80
1717,6.79
1718,6.73
1719,6.78
1720,6.85
1721,6.73
1722,6.79
1723,6.76
1724,6.81
1725,6.78
1726,6.88
1727,6.83
1728,6.74
1729,6.84
1730,6.76
1731,6.77
1732,6.82
1733,6.78
1734,6.85
1735,6.77
1736,6.77
1737,6.77
1738,6.78
1739,6.86
1740,6.84
1741,6.89
1742,6.92
1743,6.75
1744,6.81
1745,6.75
1746,6.77
1747,6.77
1748,6.75
1749,6.75
1750,6.80
1751,6.74
1752,6.85
1753,6.76
1754,6.95
1755,6.78
1756,6.81
1757,6.74
1758,6.89
1759,6.86
1760,6.82
1761,6.74
1762,6.82
1763,6.75
1764,6.88
1765,6.85
1766,6.81
1767,6.68
1768,6.76
1769,6.84
1770,6.87
1771,6.86
1772,6.73
1773,6.82
1774,6.86
1775,6.72
1776,6.81
1777,6.82
1778,6.79
1779,6.71
1780,6.79
1781,6.79
1782,6.80
1783,6.78
1784,6.78
1785,6.80
1786,6.83
1787,6.79
1788,0.16
1789,6.81
1790,6.71
1791,6.83
1792,6.81
1793,6.81
1794,6.85
1795,6.71
1796,6.71
1797,6.82
1798,6.81
1799,6.82
1800,6.78
1801,6.84
1802,6.85
1803,6.83
1804,6.79
1805,6.70
1806,6.85
1807,6.87
1808,6.84
1809,6.76
1810,6.84
1811,6.85
1812,6.89
1813,6.76
1814,6.80
1815,6.85
1816,6.81
1817,6.75
1818,6.83
1819,6.84
1820,6.81
1821,6.82
1822,6.80
1823,6.88
1824,6.76
1825,6.78
1826,6.81
1827,6.85
1828,6.73
1829,6.74
1830,6.71
1831,6.81
1832,6.75
1833,6.79
1834,6.84
1835,6.78
1836,6.82
1837,6.79
1838,6.84
1839,6.83
1840,6.77
1841,6.80
1842,6.86
1843,6.83
1844,6.74
1845,6.84
1846,6.76
1847,6.88
1848,6.86
1849,6.82
1850,6.82
1851,6.80
1852,6.84
1853,6.79
1854,6.82
1855,6.85
1856,6.78
1857,6.78
1858,6.75
1859,6.76
1860,6.72
1861,6.85
1862,6.90
1863,6.88
1864,6.73
1865,6.85
1866,6.88
1867,6.79
1868,6.82
1869,6.71
1870,6.82
1871,6.76
1872,6.82
1873,6.73
1874,6.84
1875,6.86
1876,6.77
1877,6.75
1878,6.70
1879,6.80
1880,6.78
1881,6.73
1882,6.83
1883,6.79
1884,6.76
1885,6.78
1886,6.86
1887,6.84
1888,6.80
1889,6.84
1890,6.75
1891,6.81
1892,6.82
1893,6.79
1894,6.83
1895,6.77
1896,6.84
1897,6.84
1898,6.67
1899,6.87
1900,6.66
1901,6.78
1902,6.86
1903,6.80
1904,6.74
1905,6.76
1906,6.86
1907,6.72
1908,6.87
1909,6.81
1910,6.75
1911,6.78
1912,6.76
1913,6.86
1914,6.85
1915,6.73
1916,6.79
1917,6.77
1918,6.88
1919,6.74
1920,6.89
1921,6.81
1922,6.75
1923,6.78
1924,6.77
1925,6.75
1926,6.82
1927,6.75
1928,6.70
1929,6.79
1930,6.72
1931,6.77
1932,6.77
1933,6.77
1934,6.91
1935,6.82
1936,6.83
1937,6.72
1938,6.78
1939,6.82
1940,6.76
1941,6.86
1942,6.75
1943,6.80
1944,6.78
1945,6.82
1946,6.78
1947,6.80
1948,6.80
1949,6.78
1950,6.84
1951,6.83
1952,6.81
1953,6.79
1954,6.85
1955,6.80
1956,6.80
1957,6.82
1958,6.90
1959,6.75
1960,6.85
1961,6.72
1962,6.82
1963,6.89
1964,6.84
1965,6.82
1966,6.79
1967,6.82
1968,6.80
1969,6.77
1970,6.80
1971,6.82
1972,6.78
1973,6.77
1974,6.75
1975,6.83
1976,6.84
1977,6.83
1978,6.86
1979,6.82
1980,6.83
1981,6.83
1982,6.81
1983,6.79
1984,6.92
1985,6.79
1986,6.78
1987,6.84
1988,6.83
1989,6.74
1990,6.87
1991,6.81
1992,6.76
1993,6.87
1994,6.85
1995,6.75
1996,6.90
1997,6.85
1998,6.81
1999,6.89
2000,6.82
2001,6.81
2002,6.78
2003,6.84
2004,6.84
2005,6.82
2006,6.77
2007,6.82
2008,6.81
2009,6.75
2010,6.74
2011,6.84
2012,6.68
2013,6.82
2014,6.79
2015,6.88
2016,6.79
2017,6.85
2018,6.79
2019,6.82
2020,6.85
2021,6.79
2022,6.86
2023,6.76
2024,6.83
2025,6.86
2026,6.85
2027,6.91
2028,6.78
2029,6.75
2030,6.76
2031,6.85
2032,6.84
2033,6.82
2034,6.76
2035,6.85
2036,6.75
2037,6.87
2038,6.96
2039,6.83
2040,6.84
2041,6.79
2042,6.72
2043,6.78
2044,6.76
2045,6.74
2046,6.90
2047,6.83
2048,6.83
2049,6.80
2050,6.81
2051,6.86
2052,6.81
2053,6.84
2054,6.81
2055,6.80
2056,6.74
2057,6.72
2058,6.80
2059,6.82
2060,6.75
2061,6.81
2062,6.82
2063,6.71
2064,6.77
2065,6.84
2066,6.83
2067,6.76
2068,6.82
2069,6.87
2070,6.85
2071,6.81
2072,6.79
2073,6.78
2074,6.84
2075,6.82
2076,6.85
2077,6.82
2078,6.86
2079,6.82
2080,6.85
2081,6.86
2082,6.77
2083,6.72
2084,6.89
2085,6.83
2086,6.73
2087,6.78
2088,6.85
2089,6.80
2090,6.79
2091,6.89
2092,6.76
2093,6.78
2094,6.83
2095,6.83
2096,6.84
2097,6.86
2098,6.82
2099,6.84
2100,6.80
2101,6.82
2102,6.82
2103,6.83
2104,6.85
2105,6.84
2106,6.82
2107,6.77
2108,6.82
2109,6.81
2110,6.82
2111,6.93
2112,6.79
2113,6.84
2114,6.87
2115,6.82
2116,6.93
2117,6.80
2118,6.83
2119,6.77
2120,6.80
2121,6.83
2122,6.86
2123,6.83
2124,6.88
2125,6.81
2126,6.80
2127,6.95
2128,6.83
2129,6.78
2130,6.78
2131,6.77
2132,6.86
2133,6.80
2134,6.82
2135,6.81
2136,6.85
2137,6.77
2138,6.76
2139,6.83
2140,6.84
2141,6.83
2142,6.77
2143,6.85
2144,6.78
2145,6.79
2146,6.77
2147,6.88
2148,6.85
2149,6.84
2150,6.88
2151,6.96
2152,6.73
2153,6.78
2154,6.78
2155,6.77
2156,6.76
2157,6.80
2158,6.75
2159,6.83
2160,6.82
2161,6.84
2162,6.84
2163,6.84
2164,6.80
2165,6.92
2166,6.83
2167,6.72
2168,6.76
2169,6.73
2170,6.82
2171,6.81
2172,6.79
2173,6.91
2174,6.84
2175,6.85
2176,6.77
2177,6.76
2178,6.82
2179,6.82
2180,6.72
2181,6.80
2182,6.81
2183,6.80
2184,6.77
2185,6.79
2186,6.81
2187,6.82
2188,6.84
2189,6.87
2190,6.80
2191,6.79
2192,6.84
2193,6.84
2194,6.79
2195,6.85
2196,6.86
2197,6.88
2198,6.90
2199,6.77
2200,6.81
2201,6.81
2202,6.81
2203,6.78
2204,6.74
2205,6.82
2206,6.78
2207,6.82
2208,6.77
2209,6.76
2210,6.83
2211,6.82
2212,6.84
2213,6.92
2214,6.83
2215,6.84
2216,6.76
2217,6.75
2218,6.89
2219,6.77
2220,6.76
2221,6.81
2222,6.81
2223,6.77
2224,6.80
2225,6.87
2226,6.77
2227,6.74
2228,6.86
2229,6.84
2230,6.78
2231,6.73
2232,6.78
2233,6.81
2234,6.87
2235,6.76
2236,6.81
2237,6.85
2238,6.69
2239,6.86
2240,6.75
2241,6.83
2242,6.82
2243,6.87
2244,6.84
2245,6.69
2246,6.77
2247,6.82
2248,6.80
2249,6.84
2250,6.85
2251,6.84
2252,6.80
2253,6.72
2254,6.79
2255,6.83
2256,6.76
2257,6.84
2258,6.86
2259,6.82
2260,6.66
2261,6.75
2262,6.91
2263,6.78
2264,6.71
2265,6.87
2266,6.81
2267,6.87
2268,6.83
2269,6.83
2270,6.83
2271,6.85
2272,6.93
2273,6.86
2274,6.73
2275,6.83
2276,6.87
2277,6.87
2278,6.79
2279,6.87
2280,6.86
2281,6.94
2282,6.77
2283,6.79
2284,6.80
2285,6.79
2286,6.77
2287,6.67
2288,6.79
2289,6.83
2290,6.79
2291,6.91
2292,6.81
2293,6.88
2294,6.82
2295,6.85
2296,6.82
2297,6.88
2298,6.81
2299,6.84
2300,6.83
2301,6.80
2302,6.83
2303,6.92
2304,6.80
2305,6.83
2306,6.87
2307,6.87
2308,6.81
2309,6.69
2310,6.84
2311,6.70
2312,6.88
2313,6.82
2314,6.86
2315,6.76
2316,6.73
2317,6.82
2318,6.81
2319,6.78
2320,6.81
2321,6.95
2322,6.85
2323,6.86
2324,6.85
2325,6.88
2326,6.80
2327,6.71
2328,6.80
2329,6.85
2330,6.76
2331,6.80
2332,6.77
2333,6.88
2334,6.85
2335,6.84
2336,6.84
2337,6.81
2338,6.82
2339,6.75
2340,6.70
2341,6.82
2342,6.82
2343,6.87
2344,6.89
2345,6.89
2346,6.76
2347,6.79
2348,6.83
2349,6.93
2350,6.88
2351,6.86
2352,6.79
2353,6.76
2354,6.85
2355,6.75
2356,6.80
2357,6.80
2358,6.89
2359,6.79
2360,6.69
2361,6.83
2362,6.77
2363,6.81
2364,6.80
2365,6.79
2366,6.85
2367,6.73
2368,6.78
2369,6.84
2370,6.78
2371,6.73
2372,6.84
2373,6.86
2374,6.80
2375,6.71
2376,6.84
2377,6.72
2378,6.82
2379,6.76
2380,6.75
2381,6.78
2382,6.80
2383,6.77
2384,6.84
2385,6.78
2386,6.86
2387,6.82
2388,6.77
2389,6.76
2390,6.72
2391,6.82
2392,6.79
2393,6.69
2394,6.78
2395,6.76
2396,6.88
2397,6.72
2398,6.73
2399,6.86
2400,6.87
2401,6.77
2402,6.77
2403,6.84
2404,6.69
2405,6.71
2406,6.79
2407,6.88
2408,6.78
2409,6.81
2410,6.86
2411,6.91
2412,6.78
2413,6.80
2414,6.90
2415,6.73
2416,6.86
2417,6.75
2418,6.81
2419,6.79
2420,6.76
2421,6.76
2422,6.82
2423,6.85
2424,6.80
2425,6.81
2426,6.83
2427,6.76
2428,6.84
2429,6.84
2430,6.93
2431,6.79
2432,6.78
2433,6.84
2434,6.84
2435,6.78
2436,6.78
2437,6.83
2438,6.76
2439,6.78
2440,6.81
2441,6.85
2442,6.77
2443,6.71
2444,6.71
2445,6.74
2446,6.74
2447,6.80
2448,6.74
2449,6.77
2450,6.76
2451,6.78
2452,6.87
2453,6.84
2454,6.80
2455,6.78
2456,6.78
2457,6.82
2458,6.83
2459,6.76
2460,6.80
2461,6.70
2462,6.81
2463,6.84
2464,6.79
2465,6.89
2466,6.76
2467,6.81
2468,6.80
2469,6.80
2470,6.80
2471,6.81
2472,6.84
2473,6.87
2474,6.80
2475,6.84
2476,6.77
2477,6.84
2478,6.76
2479,6.86
2480,6.91
2481,6.79
2482,6.69
2483,6.77
2484,6.86
2485,6.83
2486,6.81
2487,6.85
2488,6.82
2489,6.86
2490,6.85
2491,6.88
2492,6.82
2493,6.85
2494,6.78
2495,6.77
2496,6.89
2497,6.81
2498,6.84
2499,6.81
2500,6.77
2501,6.80
2502,6.87
2503,6.83
2504,6.71
2505,6.79
2506,6.89
2507,6.79
2508,6.71
2509,6.89
2510,6.83
2511,6.80
2512,6.78
2513,6.85
2514,6.77
2515,1.04
2516,6.83
2517,6.81
2518,6.81
2519,6.79
2520,6.85
2521,6.76
2522,6.72
2523,6.83
2524,6.83
2525,6.82
2526,6.82
2527,6.78
2528,6.84
2529,6.80
2530,6.77
2531,6.78
2532,6.90
2533,6.71
2534,6.82
2535,6.71
2536,6.79
2537,6.78
2538,6.69
2539,6.82
2540,6.78
2541,6.69
2542,6.84
2543,6.87
2544,6.87
2545,6.82
2546,6.80
2547,6.86
2548,6.88
2549,6.85
2550,6.75
2551,6.81
2552,6.82
2553,6.71
2554,6.82
2555,6.91
2556,6.83
2557,6.87
2558,6.81
2559,6.79
2560,6.82
2561,6.76
2562,6.75
2563,6.86
2564,6.87
2565,6.75
2566,6.84
2567,6.79
2568,6.81
2569,6.82
2570,6.85
2571,6.80
2572,6.87
2573,6.81
2574,6.83
2575,6.75
2576,6.90
2577,6.82
2578,6.83
2579,6.72
2580,6.75
2581,6.86
2582,6.81
2583,6.70
2584,6.85
2585,6.77
2586,6.87
2587,6.79
2588,6.81
2589,6.85
2590,6.75
2591,6.75
2592,6.79
2593,6.84
2594,6.73
2595,6.71
2596,6.84
2597,6.76
2598,6.77
2599,6.70
2600,6.76
2601,6.79
2602,6.84
2603,6.76
2604,6.88
2605,6.76
2606,6.76
2607,6.87
2608,6.80
2609,6.77
2610,6.79
2611,6.86
2612,6.87
2613,6.75
2614,6.79
2615,6.80
2616,6.74
2617,6.79
2618,6.79
2619,6.85
2620,6.85
2621,6.78
2622,6.78
2623,6.83
2624,6.76
2625,6.82
2626,6.79
2627,6.74
2628,6.75
2629,6.87
2630,6.79
2631,6.87
2632,6.77
2633,6.81
2634,6.91
2635,6.74
2636,6.70
2637,6.86
2638,6.75
2639,6.79
2640,6.76
2641,6.81
2642,6.74
2643,6.78
2644,6.81
2645,6.74
2646,6.76
2647,6.77
2648,6.72
2649,6.77
2650,6.80
2651,6.77
2652,6.78
2653,6.79
2654,6.76
2655,6.83
2656,6.86
2657,6.77
2658,6.82
2659,6.78
2660,6.81
2661,6.87
2662,6.82
2663,6.70
2664,6.81
2665,6.85
2666,6.78
2667,6.84
2668,6.76
2669,6.72
2670,6.80
2671,6.70
2672,6.78
2673,6.86
2674,6.70
2675,6.73
2676,6.74
2677,6.79
2678,6.77
2679,6.86
2680,6.84
2681,6.82
2682,6.80
2683,6.81
2684,6.75
2685,6.83
2686,6.73
2687,6.83
2688,6.85
2689,6.80
2690,6.78
2691,6.81
2692,6.65
2693,6.81
2694,6.78
2695,6.79
2696,6.83
2697,6.79
2698,6.73
2699,6.78
2700,6.79
2701,6.80
2702,6.80
2703,6.84
2704,6.74
2705,6.80
2706,6.85
2707,6.70
2708,6.80
2709,6.76
2710,6.77
2711,6.74
2712,6.78
2713,6.88
2714,6.73
2715,6.73
2716,6.72
2717,6.88
2718,6.77
2719,6.79
2720,6.77
2721,6.74
2722,6.78
2723,6.91
2724,6.86
2725,6.75
2726,6.82
2727,6.75
2728,6.70
2729,6.84
2730,6.85
2731,6.84
2732,6.76
2733,6.78
2734,6.83
2735,6.81
2736,6.77
2737,6.71
2738,6.79
2739,6.84
2740,6.73
2741,6.82
2742,6.80
2743,6.83
2744,6.83
2745,6.75
2746,6.71
2747,6.76
2748,6.83
2749,6.76
2750,6.75
2751,6.70
2752,6.88
2753,6.83
2754,6.83
2755,6.84
2756,6.82
2757,6.78
2758,6.78
2759,6.77
2760,6.92
2761,6.82
2762,6.76
2763,6.81
2764,6.74
2765,6.86
2766,6.75
2767,6.81
2768,6.84
2769,6.81
2770,6.79
2771,6.79
2772,6.78
2773,6.76
2774,6.76
2775,6.86
2776,6.78
2777,6.75
2778,6.76
2779,6.84
2780,6.82
2781,6.81
2782,6.77
2783,6.82
2784,6.75
2785,6.77
2786,6.84
2787,6.83
2788,6.74
2789,6.74
2790,6.79
2791,6.87
2792,6.69
2793,6.80
2794,6.72
2795,6.75
2796,6.77
2797,6.77
2798,6.76
2799,6.79
2800,6.76
2801,6.71
2802,6.83
2803,6.82
2804,6.83
2805,6.71
2806,6.80
2807,6.82
2808,6.73
2809,6.79
2810,6.78
2811,6.88
2812,6.88
2813,6.70
2814,6.91
2815,6.74
2816,6.84
2817,6.83
2818,6.74
2819,6.81
2820,6.78
2821,6.81
2822,6.80
2823,6.85
2824,6.79
2825,6.78
2826,6.84
2827,6.81
2828,6.82
2829,6.75
2830,6.73
2831,6.76
2832,6.75
2833,6.83
2834,6.83
2835,6.78
2836,6.86
2837,6.85
2838,6.80
2839,6.74
2840,6.86
2841,6.78
2842,6.79
2843,6.77
2844,6.74
2845,6.71
2846,6.82
2847,6.75
2848,6.94
2849,6.73
2850,6.72
2851,6.81
2852,6.86
2853,6.79
2854,6.81
2855,6.69
2856,6.75
2857,6.73
2858,6.69
2859,6.79
2860,6.67
2861,6.72
2862,6.76
2863,6.74
2864,6.81
2865,6.80
2866,6.83
2867,6.82
2868,6.84
2869,6.79
2870,6.80
2871,6.81
2872,6.79
2873,6.77
2874,6.77
2875,6.74
2876,6.81
2877,6.78
2878,6.75
2879,6.75
2880,6.72
2881,6.83
2882,6.79
2883,6.74
2884,6.83
2885,6.76
2886,6.71
2887,6.84
2888,6.76
2889,6.76
2890,6.79
2891,6.84
2892,6.79
2893,6.73
2894,6.81
2895,6.76
2896,6.88
2897,6.78
2898,6.67
2899,6.80
2900,6.88
2901,6.86
2902,6.88
2903,6.73
2904,6.83
2905,6.75
2906,6.80
2907,6.72
2908,6.75
2909,6.75
2910,6.83
2911,6.83
2912,6.80
2913,6.72
2914,6.77
2915,6.75
2916,6.83
2917,6.84
2918,6.84
2919,6.75
2920,6.65
2921,6.70
2922,6.86
2923,6.76
2924,6.75
2925,6.87
2926,6.85
2927,6.79
2928,6.77
2929,6.78
2930,6.80
2931,6.87
2932,6.81
2933,6.82
2934,6.84
2935,6.73
2936,6.82
2937,6.77
2938,6.66
2939,6.68
2940,6.73
2941,6.81
2942,6.79
2943,6.79
2944,6.88
2945,6.72
2946,6.78
2947,6.80
2948,6.75
2949,6.79
2950,6.71
2951,6.86
2952,6.75
2953,6.89
2954,6.78
2955,6.84
2956,6.78
2957,6.78
2958,6.76
2959,6.79
2960,6.80
2961,6.75
2962,6.78
2963,6.75
2964,6.90
2965,6.78
2966,6.86
2967,6.78
2968,6.80
2969,6.72
2970,6.76
2971,6.80
2972,6.86
2973,6.80
2974,6.85
2975,6.82
2976,6.87
2977,6.78
2978,6.90
2979,6.76
2980,6.75
2981,6.72
2982,6.90
2983,6.83
2984,6.77
2985,6.85
2986,6.82
2987,6.88
2988,6.71
2989,6.77
2990,6.76
2991,6.69
2992,6.84
2993,6.77
2994,6.82
2995,6.90
2996,6.77
2997,6.76
2998,6.79
2999,6.84
3000,6.76
3001,6.75
3002,6.84
3003,6.80
3004,6.68
3005,6.72
3006,6.86
3007,6.81
3008,6.75
3009,6.78
3010,6.79
3011,6.82
3012,6.72
3013,6.74
3014,6.80
3015,6.78
3016,6.81
3017,6.72
3018,6.80
3019,6.84
3020,6.81
3021,6.79
3022,6.78
3023,6.74
3024,6.78
3025,6.85
3026,6.78
3027,6.74
3028,6.76
3029,6.80
3030,6.77
3031,6.81
3032,6.81
3033,6.83
3034,6.86
3035,6.84
3036,6.74
3037,6.74
3038,6.78
3039,6.76
3040,6.73
3041,6.76
3042,6.76
3043,6.75
3044,6.77
3045,6.85
3046,6.80
3047,6.91
3048,6.80
3049,6.77
3050,6.79
3051,6.80
3052,6.81
3053,6.89
3054,6.74
3055,6.83
3056,6.80
3057,6.71
3058,6.83
3059,6.85
3060,6.74
3061,6.79
3062,6.70
3063,6.72
3064,6.84
3065,6.76
3066,6.73
3067,6.80
3068,6.76
3069,6.76
3070,6.82
3071,6.73
3072,6.74
3073,6.80
3074,6.84
3075,6.85
3076,6.75
3077,6.83
3078,6.75
3079,6.88
3080,6.73
3081,6.85
3082,6.76
3083,6.89
3084,6.82
3085,6.74
3086,6.76
3087,6.83
3088,6.84
3089,6.78
3090,6.79
3091,6.83
3092,6.79
3093,6.72
3094,6.75
3095,6.80
3096,6.85
3097,0.29
3098,6.83
3099,6.80
3100,6.83
3101,6.76
3102,6.78
3103,6.75
3104,6.73
3105,6.81
3106,6.80
3107,6.82
3108,6.82
3109,6.80
3110,6.82
3111,6.79
3112,6.81
3113,6.75
3114,6.81
3115,6.82
3116,6.76
3117,6.79
3118,6.76
3119,6.76
3120,6.73
3121,6.85
3122,6.84
3123,6.82
3124,6.89
3125,6.78
3126,6.94
3127,6.78
3128,6.80
3129,6.77
3130,6.81
3131,6.83
3132,6.78
3133,6.88
3134,6.80
3135,6.80
3136,6.74
3137,6.81
3138,6.78
3139,6.76
3140,6.75
3141,6.92
3142,6.78
3143,6.72
3144,6.76
3145,6.79
3146,6.82
3147,6.82
3148,6.82
3149,6.76
3150,6.81
3151,6.75
3152,6.76
3153,6.74
3154,6.73
3155,6.84
3156,6.83
3157,6.84
3158,6.79
3159,6.83
3160,6.70
3161,6.83
3162,6.80
3163,6.82
3164,6.81
3165,6.74
3166,6.72
3167,6.76
3168,6.82
3169,6.83
3170,6.72
3171,6.74
3172,6.76
3173,6.77
3174,6.72
3175,6.72
3176,6.75
3177,6.80
3178,6.73
3179,6.79
3180,6.84
3181,6.73
3182,6.78
3183,6.84
3184,6.77
3185,6.76
3186,6.85
3187,6.78
3188,0.95
3189,6.81
3190,6.78
3191,6.82
3192,6.81
3193,6.84
3194,6.77
3195,6.79
3196,6.79
3197,6.83
3198,6.74
3199,6.84
3200,6.82
3201,6.73
3202,6.85
3203,6.90
3204,6.84
3205,6.86
3206,6.80
3207,6.71
3208,6.70
3209,6.81
3210,6.76
3211,6.75
3212,6.79
3213,6.82
3214,6.72
3215,6.77
3216,6.87
3217,6.74
3218,6.84
3219,6.77
3220,6.82
3221,6.85
3222,6.83
3223,6.84
3224,6.74
3225,6.85
3226,6.75
3227,6.81
3228,6.81
3229,6.82
3230,6.81
3231,6.75
3232,6.73
3233,6.84
3234,6.80
3235,6.85
3236,6.79
3237,6.72
3238,6.84
3239,6.78
3240,6.81
3241,6.76
3242,6.88
3243,6.75
3244,6.78
3245,6.80
3246,6.74
3247,6.81
3248,6.88
3249,6.77
3250,6.82
3251,6.66
3252,6.79
3253,6.78
3254,6.75
3255,6.85
3256,6.78
3257,6.79
3258,6.78
3259,6.70
3260,6.74
3261,6.84
3262,6.69
3263,6.76
3264,6.78
3265,6.88
3266,6.83
3267,6.77
3268,6.86
3269,6.76
3270,6.85
3271,6.73
3272,6.85
3273,6.78
3274,6.75
3275,6.79
3276,6.81
3277,6.77
3278,6.82
3279,6.77
3280,6.83
3281,6.82
3282,6.79
3283,6.78
3284,6.80
3285,6.82
3286,6.90
3287,6.84
3288,6.85
3289,6.95
3290,6.82
3291,6.82
3292,6.83
3293,6.75
3294,6.78
3295,6.77
3296,6.83
3297,6.79
3298,6.80
3299,6.85
3300,6.84
3301,6.79
3302,6.76
3303,6.86
3304,6.84
3305,6.72
3306,6.78
3307,6.81
3308,6.84
3309,6.84
3310,6.81
3311,6.83
3312,6.80
3313,6.77
3314,6.79
3315,6.80
3316,6.80
3317,6.70
3318,6.78
3319,6.80
3320,6.79
3321,6.79
3322,6.82
3323,6.75
3324,6.72
3325,6.78
3326,6.84
3327,6.88
3328,6.84
3329,6.73
3330,6.79
3331,6.81
3332,6.81
3333,6.83
3334,6.75
3335,6.80
3336,6.82
3337,6.84
3338,6.76
3339,6.78
3340,6.67
3341,6.77
3342,6.77
3343,6.75
3344,6.81
3345,6.80
3346,6.69
3347,6.81
3348,6.75
3349,6.83
3350,6.74
3351,6.80
3352,6.79
3353,6.82
3354,6.81
3355,6.79
3356,6.72
3357,6.73
3358,6.77
3359,6.80
3360,6.77
3361,6.83
3362,6.79
3363,6.75
3364,6.79
3365,6.81
3366,6.82
3367,6.90
3368,6.77
3369,6.80
3370,6.82
3371,6.80
3372,6.78
3373,6.72
3374,6.78
3375,6.75
3376,6.72
3377,6.76
3378,6.75
3379,6.83
3380,6.83
3381,6.76
3382,6.79
3383,6.71
3384,6.78
3385,6.82
3386,6.84
3387,6.77
3388,6.86
3389,6.73
3390,6.74
3391,6.84
3392,6.89
3393,6.83
3394,6.80
3395,6.69
3396,6.70
3397,6.81
3398,6.79
3399,6.75
3400,6.81
3401,6.81
3402,6.85
3403,6.81
3404,6.87
3405,6.80
3406,6.80
3407,6.86
3408,6.76
3409,6.94
3410,6.82
3411,6.82
3412,6.83
3413,6.90
3414,6.84
3415,6.72
3416,6.87
3417,6.79
3418,6.81
3419,6.74
3420,6.83
3421,6.77
3422,6.81
3423,6.79
3424,6.90
3425,6.90
3426,6.81
3427,6.81
3428,6.79
3429,6.86
3430,6.79
3431,6.78
3432,6.85
3433,6.78
3434,6.80
3435,6.73
3436,6.84
3437,6.90
3438,6.84
3439,6.88
3440,6.76
3441,6.82
3442,6.76
3443,6.79
3444,6.84
3445,6.81
3446,6.74
3447,6.74
3448,6.74
3449,6.83
3450,6.91
3451,6.87
3452,6.71
3453,6.88
3454,6.85
3455,6.73
3456,6.79
3457,6.86
3458,6.83
3459,6.74
3460,6.84
3461,6.70
3462,6.80
3463,6.86
3464,6.81
3465,6.78
3466,6.85
3467,6.86
3468,6.87
3469,6.85
3470,6.86
3471,6.84
3472,6.82
3473,6.81
3474,6.80
3475,6.75
3476,6.76
3477,6.79
3478,6.82
3479,6.88
3480,6.81
3481,6.86
3482,6.86
3483,6.80
3484,6.84
3485,6.80
3486,6.87
3487,6.84
3488,6.75
3489,6.82
3490,6.89
3491,6.80
3492,6.83
3493,6.84
3494,6.76
3495,6.83
3496,6.74
3497,6.78
3498,6.86
3499,6.83
3500,6.79
3501,6.83
3502,6.81
3503,6.81
3504,6.84
3505,6.77
3506,6.81
3507,6.79
3508,6.73
3509,6.76
3510,6.89
3511,6.83
3512,6.74
3513,6.73
3514,6.80
3515,6.89
3516,6.80
3517,6.87
3518,6.83
3519,6.83
3520,6.74
3521,6.86
3522,6.79
3523,6.85
3524,6.77
3525,6.82
3526,6.83
3527,6.80
3528,6.83
3529,6.80
3530,6.78
3531,6.89
3532,6.86
3533,6.77
3534,6.84
3535,6.77
3536,6.75
3537,6.86
3538,6.73
3539,6.86
3540,6.80
3541,6.80
3542,6.83
3543,6.84
3544,6.77
3545,6.85
3546,6.82
3547,6.75
3548,6.80
3549,6.88
3550,6.89
3551,6.85
3552,6.75
3553,6.84
3554,6.85
3555,6.85
3556,6.85
3557,6.83
3558,6.81
3559,6.78
3560,6.72
3561,6.83
3562,6.82
3563,6.84
3564,6.74
3565,6.84
3566,6.91
3567,6.82
3568,6.81
3569,6.83
3570,6.91
3571,6.76
3572,6.82
3573,6.77
3574,6.78
3575,6.81
3576,6.88
3577,6.90
3578,6.83
3579,6.79
3580,6.94
3581,6.79
3582,6.78
3583,6.72
3584,6.88
3585,6.86
3586,6.93
3587,6.74
3588,6.89
3589,6.82
3590,6.85
3591,6.73
3592,6.89
3593,6.85
3594,6.81
3595,6.84
3596,6.77
3597,6.78
3598,6.79
3599,6.72
3600,6.86
3601,6.87
3602,6.78
3603,6.83
3604,6.80
3605,6.83
3606,6.78
3607,6.77
3608,6.87
3609,6.81
3610,6.91
3611,6.82
3612,6.77
3613,6.87
3614,6.84
3615,6.85
3616,6.87
3617,6.78
3618,6.81
3619,6.80
3620,6.75
3621,6.80
3622,6.88
3623,6.83
3624,6.75
3625,6.74
3626,6.90
3627,6.81
3628,6.78
3629,6.80
3630,6.74
3631,6.88
3632,6.79
3633,6.88
3634,6.82
3635,6.89
3636,6.83
3637,6.86
3638,6.85
3639,6.84
3640,6.83
3641,6.80
3642,6.91
3643,6.77
3644,6.81
3645,6.81
3646,6.83
3647,6.79
3648,6.83
3649,6.81
3650,6.73
3651,6.81
3652,6.76
3653,6.73
3654,6.82
3655,6.84
3656,6.84
3657,6.84
3658,6.72
3659,6.75
3660,6.91
3661,6.76
3662,6.84
3663,6.78
3664,6.82
3665,6.78
3666,6.84
3667,6.82
3668,6.79
3669,6.76
3670,6.83
3671,6.75
3672,6.84
3673,6.95
3674,6.88
3675,6.85
3676,6.81
3677,6.72
3678,6.75
3679,6.88
3680,6.77
3681,6.78
3682,6.81
3683,6.76
3684,6.75
3685,6.81
3686,6.77
3687,6.78
3688,6.78
3689,6.84
3690,6.80
3691,6.81
3692,6.84
3693,6.81
3694,6.80
3695,6.84
3696,6.85
3697,6.81
3698,6.82
3699,6.78
3700,6.77
3701,6.85
3702,6.84
3703,6.84
3704,6.83
3705,6.82
3706,6.85
3707,6.86
3708,6.86
3709,6.81
3710,6.88
3711,6.83
3712,6.85
3713,6.83
3714,6.83
3715,6.78
3716,6.85
3717,6.96
3718,6.80
3719,6.82
3720,6.79
3721,6.79
3722,6.89
3723,6.78
3724,6.79
3725,6.74
3726,6.78
3727,6.73
3728,6.85
3729,6.95
3730,6.80
3731,6.73
3732,6.86
3733,6.78
3734,6.88
3735,6.80
3736,6.78
3737,6.81
3738,6.85
3739,6.80
3740,6.79
3741,6.81
3742,6.75
3743,6.83
3744,6.73
3745,6.79
3746,6.85
3747,6.83
3748,6.84
3749,6.81
3750,6.87
3751,6.86
3752,6.84
3753,6.86
3754,6.85
3755,6.79
3756,6.75
3757,6.84
3758,6.84
3759,6.87
3760,6.77
3761,6.77
3762,6.84
3763,6.81
3764,6.72
3765,6.83
3766,6.72
3767,6.77
3768,6.88
3769,6.91
3770,6.75
3771,6.80
3772,6.82
3773,6.90
3774,6.79
3775,6.79
3776,6.89
3777,6.80
3778,6.85
3779,6.74
3780,6.81
3781,6.73
3782,6.76
3783,6.86
3784,6.81
3785,6.80
3786,6.78
3787,6.80
3788,6.83
3789,0.71
3790,6.68
3791,6.77
3792,6.82
3793,6.81
3794,6.83
3795,6.83
3796,6.80
3797,6.79
3798,6.80
3799,6.87
3800,6.78
3801,6.81
3802,6.82
3803,6.89
3804,6.80
3805,6.86
3806,6.88
3807,6.81
3808,6.80
3809,6.80
3810,6.80
3811,6.86
3812,6.83
3813,6.83
3814,6.76
3815,6.77
3816,6.92
3817,6.81
3818,6.78
3819,6.89
3820,6.83
3821,6.84
3822,6.81
3823,6.80
3824,6.81
3825,6.75
3826,6.81
3827,6.83
3828,6.91
3829,6.82
3830,6.70
3831,6.81
3832,6.95
3833,6.86
3834,6.77
3835,6.84
3836,6.78
3837,6.75
3838,6.80
3839,6.82
3840,6.72
3841,6.76
3842,6.81
3843,6.79
3844,6.83
3845,6.75
3846,6.85
3847,6.75
3848,6.90
3849,6.73
3850,6.76
3851,6.83
3852,6.90
3853,6.83
3854,6.84
3855,6.81
3856,6.76
3857,6.79
3858,6.75
3859,6.75
3860,6.83
3861,6.76
3862,6.83
3863,6.75
3864,6.83
3865,6.79
3866,6.88
3867,6.83
3868,6.88
3869,6.78
3870,6.82
3871,6.76
3872,6.79
3873,6.80
3874,6.78
3875,6.75
3876,6.74
3877,6.70
3878,6.76
3879,6.84
3880,6.73
3881,6.74
3882,6.90
3883,6.78
3884,6.83
3885,6.85
3886,6.85
3887,6.74
3888,6.80
3889,6.73
3890,6.94
3891,6.73
3892,6.76
3893,6.76
3894,6.74
3895,6.88
3896,6.93
3897,6.79
3898,6.75
3899,6.70
3900,6.80
3901,6.80
3902,6.78
3903,6.82
3904,6.83
3905,6.83
3906,6.80
3907,6.76
3908,6.85
3909,6.81
3910,6.86
3911,6.85
3912,6.74
3913,6.74
3914,6.77
3915,6.76
3916,6.85
3917,6.83
3918,6.87
3919,6.83
3920,6.82
3921,6.87
3922,6.84
3923,6.82
3924,6.89
3925,6.82
3926,6.80
3927,6.77
3928,6.85
3929,6.87
3930,6.81
3931,6.88
3932,6.71
3933,6.81
3934,6.81
3935,6.78
3936,6.93
3937,6.81
3938,6.79
3939,6.81
3940,6.71
3941,6.77
3942,6.86
3943,6.78
3944,6.77
3945,6.88
3946,6.88
3947,6.84
3948,6.79
3949,6.80
3950,6.77
3951,6.76
3952,6.76
3953,6.78
3954,6.76
3955,6.73
3956,6.82
3957,6.82
3958,6.90
3959,6.78
3960,6.83
3961,6.83
3962,6.80
3963,6.85
3964,6.85
3965,6.83
3966,6.80
3967,6.79
3968,6.74
3969,6.77
3970,6.78
3971,6.75
3972,6.83
3973,6.87
3974,6.76
3975,6.82
3976,6.76
3977,6.79
3978,6.78
3979,6.84
3980,6.78
3981,6.86
3982,6.80
3983,6.78
3984,6.75
3985,6.82
3986,6.85
3987,6.82
3988,6.92
3989,6.88
3990,6.79
3991,6.79
3992,6.83
3993,6.77
3994,6.87
3995,6.83
3996,6.82
3997,6.84
3998,6.90
3999,6.82
4000,6.80
4001,6.88
4002,6.86
4003,6.79
4004,6.81
4005,6.82
4006,6.83
4007,6.74
4008,6.73
4009,6.76
4010,6.76
4011,6.78
4012,6.84
4013,6.80
4014,6.82
4015,6.75
4016,6.78
4017,6.84
4018,6.84
4019,6.77
4020,6.82
4021,6.92
4022,6.81
4023,6.77
4024,6.80
4025,6.81
4026,6.80
4027,6.81
4028,6.74
4029,6.76
4030,6.80
4031,6.80
4032,6.78
4033,6.80
4034,6.81
4035,6.85
4036,6.80
4037,6.83
4038,6.78
4039,6.84
4040,6.83
4041,6.85
4042,6.84
4043,6.84
4044,6.80
4045,6.82
4046,6.86
4047,6.77
4048,6.78
4049,6.82
4050,6.83
4051,6.77
4052,6.80
4053,6.80
4054,6.70
4055,6.80
4056,6.80
4057,6.80
4058,6.88
4059,6.75
4060,6.76
4061,6.68
4062,6.78
4063,6.79
4064,6.78
4065,6.86
4066,6.85
4067,6.81
4068,6.79
4069,6.86
4070,6.80
4071,6.76
4072,6.72
4073,6.78
4074,6.84
4075,6.92
4076,6.81
4077,6.77
4078,6.75
4079,6.83
4080,6.72
4081,6.83
4082,6.85
4083,6.83
4084,6.79
4085,6.83
4086,6.81
4087,6.77
4088,6.90
4089,6.79
4090,6.84
4091,6.68
4092,6.87
4093,6.88
4094,6.81
4095,6.83
4096,6.83
4097,6.77
4098,6.83
4099,6.76
4100,6.77
4101,6.86
4102,6.85
4103,6.77
4104,6.77
4105,6.77
4106,6.84
4107,6.75
4108,6.82
4109,6.84
4110,6.80
4111,6.85
4112,6.79
4113,6.79
4114,6.75
4115,6.85
4116,6.76
4117,6.82
4118,6.80
4119,6.75
4120,6.77
4121,6.87
4122,6.81
4123,6.75
4124,6.82
4125,6.80
4126,6.97
4127,6.82
4128,6.78
4129,6.87
4130,6.71
4131,6.81
4132,6.90
4133,6.80
4134,6.72
4135,1.08
4136,6.87
4137,6.82
4138,6.76
4139,6.77
4140,6.77
4141,6.82
4142,6.87
4143,6.85
4144,6.82
4145,6.73
4146,6.73
4147,6.83
4148,6.73
4149,6.79
4150,6.82
4151,6.74
4152,6.75
4153,6.80
4154,6.83
4155,6.85
4156,6.83
4157,6.80
4158,6.76
4159,6.75
4160,6.77
4161,6.82
4162,6.82
4163,6.70
4164,6.76
4165,6.86
4166,6.80
4167,6.73
4168,6.92
4169,6.80
4170,6.82
4171,6.82
4172,6.78
4173,6.76
4174,6.91
4175,6.85
4176,6.84
4177,6.83
4178,6.75
4179,6.86
4180,6.76
4181,6.81
4182,6.72
4183,1.14
4184,6.81
4185,6.76
4186,6.70
4187,6.83
4188,6.90
4189,6.87
4190,6.79
4191,6.80
4192,6.84
4193,6.85
4194,6.78
4195,6.80
4196,6.81
4197,6.83
4198,6.79
4199,6.79
4200,6.87
4201,6.86
4202,6.82
4203,6.88
4204,6.78
4205,6.88
4206,6.82
4207,6.96
4208,6.74
4209,6.76
4210,6.82
4211,6.82
4212,6.89
4213,6.76
4214,6.84
4215,6.86
4216,6.83
4217,6.75
4218,6.87
4219,6.86
4220,6.83
4221,6.81
4222,6.81
4223,6.79
4224,6.83
4225,6.80
4226,6.75
4227,6.74
4228,6.76
4229,6.81
4230,6.80
4231,6.81
4232,6.82
4233,6.76
4234,6.87
4235,6.78
4236,6.77
4237,6.82
4238,6.70
4239,6.76
4240,6.84
4241,6.71
4242,6.85
4243,6.87
4244,6.78
4245,6.81
4246,6.85
4247,6.77
4248,6.84
4249,6.76
4250,6.77
4251,6.76
4252,6.81
4253,6.85
4254,6.79
4255,6.73
4256,6.74
4257,6.81
4258,6.89
4259,6.81
4260,6.78
4261,6.83
4262,6.78
4263,6.78
4264,6.75
4265,6.86
4266,6.67
4267,6.83
4268,6.77
4269,6.77
4270,6.88
4271,6.76
4272,6.76
4273,6.79
4274,6.81
4275,6.77
4276,6.72
4277,6.75
4278,6.86
4279,6.80
4280,6.82
4281,6.78
4282,6.76
4283,6.88
4284,6.78
4285,6.77
4286,6.85
4287,6.76
4288,6.76
4289,6.79
4290,6.79
4291,6.81
4292,6.90
4293,6.81
4294,6.67
4295,6.81
4296,6.79
4297,6.80
4298,6.81
4299,6.79
4300,6.79
4301,6.82
4302,6.77
4303,6.75
4304,6.94
4305,6.76
4306,6.80
4307,6.72
4308,6.80
4309,6.75
4310,6.77
4311,6.84
4312,6.82
4313,6.82
4314,6.70
4315,6.88
4316,6.73
4317,6.87
4318,6.84
4319,6.82
4320,6.75
4321,6.80
4322,6.77
4323,6.79
4324,6.78
4325,6.69
4326,6.85
4327,6.79
4328,6.77
4329,6.76
4330,6.81
4331,6.75
4332,6.68
4333,6.81
4334,6.82
4335,6.78
4336,6.73
4337,6.80
4338,6.72
4339,6.74
4340,6.75
4341,6.83
4342,6.77
4343,6.77
4344,6.89
4345,6.81
4346,6.81
4347,6.77
4348,6.76
4349,6.68
4350,6.84
4351,6.81
4352,6.78
4353,6.78
4354,6.83
4355,6.71
4356,6.76
4357,6.73
4358,6.88
4359,6.83
4360,6.68
4361,6.71
4362,6.78
4363,6.77
4364,6.72
4365,6.89
4366,6.81
4367,6.81
4368,6.76
4369,6.83
4370,6.77
4371,6.78
4372,6.82
4373,6.71
4374,6.87
4375,6.80
4376,6.85
4377,6.74
4378,6.74
4379,6.73
4380,6.80
4381,6.79
4382,6.77
4383,6.74
4384,6.73
4385,6.79
4386,6.77
4387,6.75
4388,6.87
4389,6.78
4390,6.85
4391,6.76
4392,6.80
4393,6.79
4394,6.70
4395,6.86
4396,6.78
4397,6.83
4398,6.75
4399,6.78
4400,6.75
4401,6.85
4402,6.80
4403,6.81
4404,6.86
4405,6.85
4406,6.83
4407,6.72
4408,6.75
4409,6.74
4410,6.82
4411,6.80
4412,6.72
4413,6.78
4414,6.71
4415,6.79
4416,6.71
4417,6.81
4418,6.81
4419,6.88
4420,6.83
4421,6.77
4422,6.83
4423,6.72
4424,6.74
4425,6.80
4426,6.68
4427,6.79
4428,6.74
4429,6.79
4430,6.73
4431,6.81
4432,6.79
4433,6.86
4434,6.79
4435,6.75
4436,6.77
4437,6.72
4438,6.81
4439,6.82
4440,6.91
4441,6.76
4442,6.77
4443,6.76
4444,6.80
4445,6.81
4446,6.78
4447,6.84
4448,6.76
4449,6.84
4450,6.81
4451,6.79
4452,6.77
4453,6.91
4454,6.75
4455,6.80
4456,6.75
4457,6.88
4458,6.83
4459,6.75
4460,6.81
4461,6.80
4462,6.76
4463,6.82
4464,6.81
4465,6.80
4466,6.78
4467,6.81
4468,6.80
4469,6.79
4470,6.75
4471,6.87
4472,6.73
4473,6.81
4474,6.77
4475,6.87
4476,6.74
4477,6.75
4478,6.74
4479,6.80
4480,6.72
4481,6.76
4482,6.68
4483,6.80
4484,6.76
4485,6.71
4486,6.84
4487,6.72
4488,6.83
4489,6.75
4490,6.87
4491,6.82
4492,6.74
4493,6.74
4494,6.82
4495,6.77
4496,6.78
4497,6.85
4498,6.75
4499,6.79
4500,6.83
4501,6.83
4502,6.78
4503,6.77
4504,6.70
4505,6.73
4506,6.80
4507,6.78
4508,6.79
4509,6.84
4510,6.73
4511,6.77
4512,6.79
4513,6.75
4514,6.86
4515,6.83
4516,6.80
4517,6.88
4518,6.71
4519,6.79
4520,6.80
4521,6.74
4522,6.80
4523,6.73
4524,6.82
4525,6.84
4526,6.80
4527,6.69
4528,6.74
4529,6.81
4530,6.79
4531,6.65
4532,6.85
4533,6.79
4534,6.74
4535,6.83
4536,6.75
4537,6.75
4538,6.80
4539,6.87
4540,6.87
4541,6.80
4542,6.81
4543,6.82
4544,6.72
4545,6.82
4546,6.75
4547,6.80
4548,6.77
4549,6.81
4550,6.79
4551,0.36
4552,6.79
4553,6.82
4554,6.81
4555,6.78
4556,6.87
4557,6.80
4558,6.81
4559,6.84
4560,6.80
4561,6.74
4562,6.66
4563,6.76
4564,6.82
4565,6.77
4566,6.83
4567,6.79
4568,6.85
4569,6.77
4570,6.81
4571,6.81
4572,6.86
4573,6.70
4574,6.76
4575,6.83
4576,6.86
4577,6.80
4578,6.77
4579,6.82
4580,6.83
4581,6.77
4582,6.80
4583,6.84
4584,6.88
4585,6.82
4586,6.79
4587,6.78
4588,6.81
4589,6.78
4590,6.79
4591,6.73
4592,6.85
4593,6.73
4594,6.76
4595,6.79
4596,6.88
4597,6.76
4598,6.75
4599,6.76
4600,6.87
4601,6.64
4602,6.73
4603,6.92
4604,6.81
4605,6.73
4606,6.78
4607,6.79
4608,6.83
4609,6.88
4610,6.80
4611,6.76
4612,6.82
4613,6.75
4614,6.73
4615,6.70
4616,6.71
4617,6.74
4618,6.73
4619,6.80
4620,6.73
4621,6.63
4622,6.73
4623,6.76
4624,6.75
4625,6.86
4626,6.75
4627,6.83
4628,6.78
4629,6.78
4630,6.74
4631,6.78
4632,6.75
4633,6.79
4634,6.77
4635,6.74
4636,6.83
4637,6.81
4638,6.76
4639,6.79
4640,6.78
4641,6.74
4642,6.79
4643,6.75
4644,6.74
4645,6.70
4646,6.77
4647,6.81
4648,6.75
4649,6.91
4650,6.83
4651,6.85
4652,6.83
4653,6.88
4654,6.75
4655,6.66
4656,6.76
4657,6.81
4658,6.79
4659,6.80
4660,6.85
4661,6.80
4662,6.83
4663,6.74
4664,6.73
4665,6.87
4666,6.79
4667,6.75
4668,6.75
4669,6.75
4670,6.75
4671,6.72
4672,6.71
4673,6.78
4674,6.76
4675,6.84
4676,6.80
4677,6.80
4678,6.75
4679,6.78
4680,6.80
4681,6.82
4682,6.78
4683,6.84
4684,6.79
4685,6.83
4686,6.76
4687,6.70
4688,6.80
4689,6.82
4690,6.81
4691,6.81
4692,6.77
4693,6.75
4694,6.81
4695,6.81
4696,6.76
4697,6.84
4698,6.74
4699,6.76
4700,6.87
4701,6.83
4702,6.77
4703,6.80
4704,6.79
4705,6.65
4706,6.74
4707,6.78
4708,6.77
4709,6.80
4710,6.84
4711,6.77
4712,6.73
4713,6.80
4714,6.77
4715,6.78
4716,6.77
4717,6.90
4718,6.67
4719,6.77
4720,6.79
4721,6.75
4722,6.83
4723,6.83
4724,6.78
4725,6.77
4726,6.78
4727,6.78
4728,6.78
4729,6.78
4730,6.80
4731,6.82
4732,6.73
4733,6.73
4734,6.70
4735,6.83
4736,6.80
4737,6.81
4738,6.72
4739,6.88
4740,6.76
4741,6.80
4742,6.83
4743,6.74
4744,6.76
4745,6.80
4746,6.93
4747,6.80
4748,6.87
4749,6.85
4750,6.81
4751,6.74
4752,6.84
4753,6.71
4754,6.87
4755,6.80
4756,6.66
4757,6.77
4758,6.82
4759,6.78
4760,6.82
4761,6.75
4762,6.72
4763,6.78
4764,6.79
4765,6.77
4766,6.85
4767,6.75
4768,6.80
4769,6.79
4770,6.71
4771,6.72
4772,6.79
4773,6.89
4774,6.82
4775,6.70
4776,6.63
4777,6.83
4778,6.78
4779,6.85
4780,6.74
4781,6.81
4782,6.83
4783,6.77
4784,6.77
4785,6.79
4786,6.82
4787,6.79
4788,6.84
4789,6.77
4790,6.72
4791,6.89
4792,6.76
4793,6.76
4794,6.79
4795,6.79
4796,6.77
4797,6.79
4798,6.79
4799,6.80
4800,6.67
4801,6.88
4802,6.78
4803,6.82
4804,6.72
4805,6.77
4806,6.76
4807,6.86
4808,6.76
4809,6.83
4810,6.76
4811,6.77
4812,6.78
4813,6.85
4814,6.70
4815,6.72
4816,6.69
4817,6.74
4818,6.75
4819,6.71
4820,6.75
4821,6.69
4822,6.74
4823,6.85
4824,6.81
4825,6.80
4826,6.74
4827,6.71
4828,6.73
4829,6.79
4830,6.83
4831,6.84
4832,6.82
4833,6.75
4834,6.79
4835,6.78
4836,6.78
4837,6.89
4838,6.70
4839,6.78
4840,6.85
4841,6.72
4842,6.76
4843,6.77
4844,6.78
4845,6.71
4846,6.82
4847,6.83
4848,6.82
4849,6.75
4850,6.80
4851,6.75
4852,6.78
4853,6.90
4854,6.80
4855,6.73
4856,6.80
4857,6.72
4858,6.73
4859,6.74
4860,6.77
4861,6.84
4862,6.82
4863,6.82
4864,6.74
4865,6.77
4866,6.81
4867,6.76
4868,6.78
4869,6.81
4870,6.78
4871,6.80
4872,6.87
4873,6.78
4874,6.85
4875,6.82
4876,6.72
4877,6.74
4878,6.75
4879,6.75
4880,6.79
4881,6.82
4882,6.86
4883,6.81
4884,6.77
4885,6.69
4886,6.80
4887,6.80
4888,6.80
4889,6.90
4890,6.86
4891,6.83
4892,6.75
4893,6.77
4894,6.79
4895,6.76
4896,6.82
4897,6.81
4898,6.74
4899,6.85
4900,6.80
4901,6.71
4902,6.79
4903,6.81
4904,6.84
4905,6.78
4906,6.84
4907,6.80
4908,6.73
4909,6.72
4910,6.85
4911,6.85
4912,6.81
4913,6.87
4914,6.85
4915,6.83
4916,6.75
4917,6.88
4918,6.82
4919,6.78
4920,6.76
4921,6.81
4922,6.71
4923,6.83
4924,6.75
4925,6.81
4926,6.77
4927,6.78
4928,6.76
4929,6.79
4930,6.89
4931,6.87
4932,6.81
4933,6.80
4934,6.84
4935,6.85
4936,6.75
4937,6.79
4938,6.71
4939,6.85
4940,6.90
4941,6.80
4942,6.69
4943,6.83
4944,6.75
4945,6.76
4946,6.83
4947,6.81
4948,6.77
4949,6.76
4950,6.80
4951,6.78
4952,6.74
4953,6.78
4954,6.81
4955,6.79
4956,6.73
4957,6.85
4958,6.66
4959,6.78
4960,6.77
4961,6.81
4962,6.83
4963,6.85
4964,6.76
4965,6.83
4966,6.81
4967,6.71
4968,6.89
4969,6.73
4970,6.82
4971,6.82
4972,6.81
4973,6.77
4974,6.84
4975,6.72
4976,6.80
4977,6.77
4978,6.76
4979,6.82
4980,6.85
4981,6.78
4982,6.84
4983,6.80
4984,6.75
4985,6.79
4986,6.78
4987,6.76
4988,6.82
4989,6.81
4990,6.72
4991,6.72
4992,6.82
4993,6.76
4994,6.81
4995,6.84
4996,6.74
4997,6.73
4998,6.88
4999,6.82
5000,6.78
5001,6.75
5002,6.77
5003,6.74
5004,6.84
5005,6.76
5006,6.86
5007,6.78
5008,6.75
5009,6.78
5010,6.67
5011,6.79
5012,6.79
5013,6.84
5014,6.71
5015,6.86
5016,6.84
5017,6.86
5018,6.80
5019,6.85
5020,6.73
5021,6.84
5022,6.76
5023,6.72
5024,6.75
5025,6.80
5026,6.76
5027,6.82
5028,6.71
5029,6.70
5030,6.87
5031,6.85
5032,6.75
5033,6.80
5034,6.85
5035,6.82
5036,6.81
5037,6.86
5038,6.77
5039,6.80
5040,6.80
5041,6.79
5042,6.78
5043,6.81
5044,6.80
5045,6.75
5046,6.84
5047,6.75
5048,6.79
5049,6.79
5050,6.82
5051,6.70
5052,6.85
5053,6.77
5054,6.86
5055,6.78
5056,6.80
5057,6.90
5058,6.79
5059,6.87
5060,6.81
5061,6.82
5062,6.81
5063,6.85
5064,6.77
5065,6.75
5066,6.77
5067,6.81
5068,6.79
5069,6.84
5070,6.87
5071,6.76
5072,6.77
5073,6.73
5074,6.91
5075,6.82
5076,6.83
5077,6.74
5078,6.80
5079,6.83
5080,6.79
5081,6.86
5082,6.92
5083,6.76
5084,6.75
5085,6.76
5086,6.89
5087,6.86
5088,6.80
5089,6.81
5090,6.76
5091,6.85
5092,6.79
5093,6.79
5094,6.84
5095,6.80
5096,6.79
5097,6.81
5098,6.85
5099,6.89
5100,6.83
5101,6.85
5102,6.80
5103,6.77
5104,6.84
5105,6.81
5106,6.73
5107,6.79
5108,6.80
5109,6.78
5110,6.88
5111,6.83
5112,6.87
5113,6.82
5114,6.81
5115,6.76
5116,6.81
5117,6.81
5118,6.74
5119,6.78
5120,6.79
5121,6.83
5122,6.83
5123,6.78
5124,6.83
5125,6.80
5126,6.66
5127,6.78
5128,6.86
5129,6.72
5130,6.81
5131,6.89
5132,6.77
5133,6.81
5134,6.74
5135,6.89
5136,6.80
5137,6.81
5138,6.88
5139,6.84
5140,6.76
5141,6.78
5142,6.83
5143,6.78
5144,6.70
5145,6.81
5146,6.73
5147,6.89
5148,6.82
5149,6.76
5150,6.77
5151,6.71
5152,6.75
5153,6.86
5154,6.92
5155,6.84
5156,6.80
5157,6.79
5158,6.76
5159,6.91
5160,6.80
5161,6.91
5162,6.88
5163,6.72
5164,6.78
5165,6.78
5166,6.80
5167,6.81
5168,6.96
5169,6.76
5170,6.82
5171,6.84
5172,6.81
5173,6.81
5174,6.76
5175,6.81
5176,6.83
5177,6.83
5178,6.84
5179,6.88
5180,6.86
5181,6.81
5182,6.75
5183,6.78
5184,6.80
5185,6.82
5186,6.79
5187,6.76
5188,6.75
5189,6.73
5190,6.80
5191,6.74
5192,6.76
5193,6.79
5194,6.74
5195,6.83
5196,6.85
5197,6.78
5198,6.79
5199,6.84
5200,6.77
5201,6.77
5202,6.87
5203,6.85
5204,6.84
5205,6.86
5206,6.71
5207,6.88
5208,6.83
5209,6.86
5210,6.83
5211,6.81
5212,6.80
5213,6.83
5214,6.80
5215,6.85
5216,6.73
5217,6.78
5218,6.91
5219,6.78
5220,6.80
5221,6.77
5222,6.83
5223,6.77
5224,6.80
5225,6.85
5226,6.78
5227,6.85
5228,6.85
5229,6.86
5230,6.82
5231,6.97
5232,6.86
5233,6.83
5234,6.77
5235,6.81
5236,6.88
5237,6.90
5238,6.89
5239,6.85
5240,6.75
5241,6.84
5242,6.75
5243,6.74
5244,6.82
5245,6.84
5246,6.86
5247,6.84
5248,6.84
5249,6.76
5250,6.81
5251,6.74
5252,6.71
5253,6.85
5254,6.77
5255,6.86
5256,6.87
5257,6.78
5258,6.84
5259,6.78
5260,6.72
5261,6.82
5262,6.79
5263,6.79
5264,6.91
5265,6.74
5266,6.83
5267,6.76
5268,6.86
5269,6.83
5270,6.83
5271,6.77
5272,6.77
5273,6.86
5274,6.90
5275,6.84
5276,6.77
5277,6.83
5278,6.93
5279,6.82
5280,6.89
5281,6.78
5282,6.81
5283,6.84
5284,6.83
5285,6.77
5286,6.77
5287,6.86
5288,6.87
5289,6.89
5290,6.90
5291,6.82
5292,6.80
5293,6.88
5294,6.85
5295,6.76
5296,6.76
5297,6.84
5298,6.80
5299,6.81
5300,6.87
5301,6.85
5302,6.88
5303,6.72
5304,6.83
5305,6.85
5306,6.74
5307,6.78
5308,6.77
5309,6.81
5310,6.90
5311,6.91
5312,6.77
5313,6.84
5314,6.84
5315,6.83
5316,6.83
5317,6.83
5318,6.90
5319,6.87
5320,6.76
5321,6.85
5322,6.86
5323,6.83
5324,6.87
5325,6.82
5326,6.82
5327,6.82
5328,6.71
5329,6.81
5330,6.78
5331,6.75
5332,6.89
5333,6.84
5334,6.81
5335,6.79
5336,6.83
5337,6.86
5338,6.77
5339,6.81
5340,6.86
5341,6.72
5342,6.81
5343,6.79
5344,6.81
5345,6.79
5346,6.82
5347,6.91
5348,6.80
5349,6.83
5350,6.91
5351,6.79
5352,6.91
5353,6.81
5354,6.90
5355,6.85
5356,6.83
5357,6.81
5358,6.78
5359,6.82
5360,6.86
5361,6.81
5362,6.80
5363,6.80
5364,6.86
5365,6.88
5366,6.78
5367,6.78
5368,6.83
5369,6.89
5370,6.87
5371,6.75
5372,6.80
5373,6.77
5374,6.80
5375,6.90
5376,6.74
5377,6.73
5378,6.77
5379,6.83
5380,6.85
5381,6.84
5382,6.87
5383,6.73
5384,6.87
5385,6.80
5386,6.85
5387,6.75
5388,6.82
5389,6.83
5390,6.87
5391,6.74
5392,6.82
5393,6.76
5394,6.84
5395,6.85
5396,6.88
5397,6.79
5398,6.86
5399,6.88
5400,6.73
5401,6.85
5402,6.86
5403,6.80
5404,6.75
5405,6.86
5406,6.76
5407,6.81
5408,6.81
5409,6.85
5410,6.78
5411,6.78
5412,6.82
5413,6.87
5414,6.93
5415,6.74
5416,6.83
5417,6.76
5418,6.87
5419,6.77
5420,6.78
5421,6.79
5422,6.81
5423,6.83
5424,6.84
5425,6.81
5426,6.75
5427,6.85
5428,6.81
5429,6.87
5430,6.78
5431,6.73
5432,6.81
5433,6.88
5434,6.82
5435,6.80
5436,6.77
5437,6.90
5438,6.76
5439,6.78
5440,6.84
5441,6.72
5442,6.88
5443,6.85
5444,6.86
5445,6.84
5446,6.81
5447,6.76
5448,6.81
5449,6.77
5450,6.84
5451,6.86
5452,6.89
5453,6.83
5454,6.86
5455,6.80
5456,6.79
5457,6.84
5458,6.80
5459,6.83
5460,6.76
5461,6.77
5462,6.85
5463,6.86
5464,6.77
5465,6.85
5466,6.79
5467,6.82
5468,6.89
5469,6.86
5470,6.85
5471,6.91
5472,6.78
5473,6.77
5474,6.78
5475,6.80
5476,6.70
5477,6.80
5478,6.79
5479,6.85
5480,6.83
5481,6.78
5482,6.84
5483,6.85
5484,6.78
5485,6.79
5486,6.70
5487,6.76
5488,6.78
5489,6.82
5490,6.77
5491,6.79
5492,6.75
5493,6.82
5494,6.84
5495,6.83
5496,6.81
5497,6.74
5498,6.78
5499,6.79
5500,6.79
5501,6.82
5502,6.89
5503,6.85
5504,6.76
5505,6.85
5506,6.85
5507,6.77
5508,6.86
5509,6.81
5510,6.74
5511,6.84
5512,6.82
5513,6.80
5514,6.81
5515,6.78
5516,6.84
5517,6.81
5518,6.82
5519,6.83
5520,6.76
5521,6.77
5522,6.70
5523,6.84
5524,6.75
5525,6.82
5526,6.83
5527,6.84
5528,6.75
5529,6.81
5530,6.90
5531,6.90
5532,6.86
5533,6.83
5534,6.76
5535,6.85
5536,6.81
5537,6.84
5538,6.78
5539,6.80
5540,6.82
5541,6.83
5542,6.84
5543,6.78
5544,6.75
5545,6.89
5546,6.94
5547,6.84
5548,6.75
5549,6.77
5550,6.84
5551,6.88
5552,6.75
5553,6.81
5554,6.82
5555,6.86
5556,6.80
5557,6.73
5558,6.84
5559,6.87
5560,6.81
5561,6.83
5562,6.79
5563,6.77
5564,6.86
5565,6.83
5566,6.84
5567,6.89
5568,6.76
5569,6.78
5570,6.82
5571,6.78
5572,6.85
5573,6.80
5574,6.76
5575,6.82
5576,6.82
5577,6.86
5578,6.83
5579,6.84
5580,6.83
5581,6.80
5582,6.78
5583,6.83
5584,6.80
5585,6.90
5586,6.88
5587,6.84
5588,6.83
5589,6.81
5590,6.75
5591,6.80
5592,6.82
5593,6.82
5594,6.84
5595,6.86
5596,6.78
5597,6.78
5598,6.88
5599,6.85
5600,6.79
5601,6.81
5602,6.81
5603,6.81
5604,6.84
5605,6.94
5606,6.82
5607,6.84
5608,6.73
5609,6.79
5610,6.87
5611,6.83
5612,6.59
5613,6.84
5614,6.91
5615,6.71
5616,6.89
5617,6.67
5618,6.86
5619,6.81
5620,6.69
5621,6.83
5622,6.87
5623,6.83
5624,6.84
5625,6.79
5626,6.72
5627,6.85
5628,6.90
5629,6.87
5630,6.71
5631,6.73
5632,6.77
5633,6.73
5634,6.81
5635,6.83
5636,6.74
5637,6.85
5638,6.84
5639,6.78
5640,6.80
5641,6.71
5642,6.79
5643,6.81
5644,6.82
5645,6.83
5646,6.82
5647,6.80
5648,6.82
5649,6.86
5650,6.80
5651,6.83
5652,6.80
5653,6.78
5654,6.84
5655,6.78
5656,6.83
5657,6.81
5658,6.79
5659,6.79
5660,6.78
5661,6.73
5662,6.83
5663,6.82
5664,6.85
5665,6.78
5666,6.90
5667,6.79
5668,6.76
5669,6.76
5670,6.72
5671,6.89
5672,6.88
5673,6.84
5674,6.76
5675,6.90
5676,6.79
5677,6.79
5678,6.88
5679,6.84
5680,6.92
5681,6.82
5682,6.79
5683,6.78
5684,6.72
5685,6.79
5686,6.87
5687,6.84
5688,6.81
5689,6.76
5690,6.82
5691,6.86
5692,6.83
5693,6.82
5694,6.77
5695,6.85
5696,6.65
5697,6.83
5698,6.94
5699,6.73
5700,6.80
5701,6.81
5702,6.78
5703,6.86
5704,6.83
5705,6.81
5706,6.85
5707,6.81
5708,6.97
5709,6.81
5710,6.82
5711,6.72
5712,6.78
5713,6.86
5714,6.74
5715,6.70
5716,6.81
5717,6.87
5718,6.81
5719,6.79
5720,6.71
5721,6.83
5722,6.84
5723,6.72
5724,6.86
5725,6.84
5726,6.86
5727,6.83
5728,6.84
5729,6.83
5730,6.85
5731,6.71
5732,6.73
5733,6.77
5734,6.80
5735,6.82
5736,6.82
5737,6.86
5738,6.86
5739,6.76
5740,6.82
5741,6.76
5742,6.80
5743,6.82
5744,6.63
5745,6.93
5746,6.83
5747,6.77
5748,6.90
5749,6.79
5750,6.81
5751,6.78
5752,6.89
5753,6.80
5754,6.81
5755,6.86
5756,6.83
5757,6.80
5758,6.86
5759,6.93
5760,6.82
5761,6.81
5762,6.81
5763,6.87
5764,6.77
5765,6.79
5766,6.73
5767,6.74
5768,6.78
5769,6.80
5770,6.89
5771,6.83
5772,6.76
5773,6.77
5774,6.87
5775,6.86
5776,6.80
5777,6.78
5778,6.86
5779,6.75
5780,6.82
5781,6.92
5782,6.81
5783,6.76
5784,6.82
5785,6.78
5786,6.73
5787,6.84
5788,6.86
5789,6.79
5790,6.78
5791,6.75
5792,6.79
5793,6.77
5794,6.75
5795,6.90
5796,6.83
5797,6.83
5798,6.85
5799,6.84
5800,6.78
5801,6.82
5802,6.79
5803,6.82
5804,6.82
5805,6.78
5806,6.74
5807,6.81
5808,6.79
5809,6.71
5810,6.83
5811,6.85
5812,6.93
5813,6.78
5814,6.77
5815,6.75
5816,6.81
5817,6.81
5818,6.76
5819,6.79
5820,6.70
5821,6.85
5822,6.76
5823,6.80
5824,6.73
5825,6.77
5826,6.79
5827,6.80
5828,6.82
5829,6.87
5830,6.84
5831,6.85
5832,6.87
5833,6.83
5834,6.80
5835,6.85
5836,6.85
5837,6.83
5838,6.73
5839,6.76
5840,6.79
5841,6.84
5842,6.80
5843,6.86
5844,6.87
5845,6.86
5846,6.86
5847,6.75
5848,6.82
5849,6.77
5850,6.72
5851,6.78
5852,6.87
5853,6.82
5854,6.90
5855,6.81
5856,6.92
5857,6.81
5858,6.80
5859,6.73
5860,6.85
5861,6.77
5862,6.77
5863,6.86
5864,6.86
5865,6.85
5866,6.78
5867,6.80
5868,6.80
5869,6.84
5870,6.88
5871,6.82
5872,6.90
5873,6.84
5874,6.79
5875,6.84
5876,6.88
5877,6.90
5878,6.86
5879,6.80
5880,6.79
5881,6.83
5882,6.88
5883,6.82
5884,6.82
5885,6.80
5886,6.78
5887,6.79
5888,6.80
5889,6.88
5890,6.78
5891,6.80
5892,6.75
5893,6.83
5894,6.86
5895,6.88
5896,6.81
5897,6.83
5898,6.79
5899,6.82
5900,6.81
5901,6.80
5902,6.80
5903,6.82
5904,6.78
5905,6.78
5906,6.88
5907,6.93
5908,6.74
5909,6.73
5910,6.75
5911,6.79
5912,6.84
5913,6.83
5914,6.80
5915,6.82
5916,6.76
5917,6.78
5918,6.79
5919,6.72
5920,6.74
5921,6.74
5922,6.83
5923,6.81
5924,6.83
5925,6.70
5926,6.72
5927,6.83
5928,6.66
5929,6.86
5930,6.70
5931,6.84
5932,6.75
5933,6.85
5934,6.95
5935,6.68
5936,6.83
5937,6.70
5938,6.82
5939,6.78
5940,6.80
5941,6.75
5942,6.83
5943,6.72
5944,6.86
5945,6.77
5946,6.72
5947,6.87
5948,6.79
5949,6.89
5950,6.85
5951,6.75
5952,6.79
5953,6.80
5954,6.87
5955,6.82
5956,6.80
5957,6.78
5958,6.79
5959,6.86
5960,6.79
5961,6.77
5962,6.76
5963,6.77
5964,6.72
5965,6.76
5966,6.87
5967,6.78
5968,6.83
5969,6.67
5970,6.82
5971,6.78
5972,6.77
5973,6.80
5974,6.77
5975,6.69
5976,6.84
5977,6.80
5978,6.78
5979,6.74
5980,6.72
5981,6.80
5982,6.87
5983,6.80
5984,6.72
5985,6.80
5986,6.79
5987,6.83
5988,6.82
5989,6.64
5990,6.82
5991,6.74
5992,6.72
5993,6.78
5994,6.81
5995,6.71
5996,6.83
5997,6.83
5998,6.79
5999,6.75
6000,6.74
6001,6.84
6002,6.72
6003,6.84
6004,6.78
6005,6.79
6006,6.71
6007,6.78
6008,6.82
6009,6.72
6010,6.82
6011,6.80
6012,6.76
6013,6.83
6014,6.68
6015,6.81
6016,6.87
6017,6.86
6018,6.81
6019,6.78
6020,6.76
6021,6.78
6022,6.82
6023,6.75
6024,6.83
6025,6.90
6026,6.79
6027,6.72
6028,6.72
6029,6.83
6030,6.79
6031,6.83
6032,6.76
6033,6.83
6034,6.78
6035,6.75
6036,6.77
6037,6.73
6038,6.89
6039,6.78
6040,6.82
6041,6.76
6042,6.74
6043,6.78
6044,6.84
6045,6.76
6046,6.75
6047,6.80
6048,6.81
6049,6.87
6050,6.81
6051,6.82
6052,6.82
6053,6.73
6054,6.74
6055,6.73
6056,6.72
6057,6.83
6058,6.80
6059,6.79
6060,6.66
6061,6.89
6062,6.74
6063,6.89
6064,6.72
6065,6.75
6066,6.68
6067,6.81
6068,6.73
6069,6.73
6070,6.72
6071,6.83
6072,6.82
6073,6.88
6074,6.75
6075,6.80
6076,6.72
6077,6.77
6078,6.76
6079,6.81
6080,6.84
6081,6.84
6082,6.75
6083,6.84
6084,6.79
6085,6.77
6086,6.75
6087,6.76
6088,6.87
6089,6.80
6090,6.80
6091,6.77
6092,6.91
6093,6.85
6094,6.75
6095,6.77
6096,6.78
6097,6.79
6098,6.75
6099,6.81
6100,6.86
6101,6.72
6102,6.73
6103,6.76
6104,6.77
6105,6.89
6106,6.84
6107,6.83
6108,6.77
6109,6.77
6110,6.71
6111,6.83
6112,6.81
6113,6.85
6114,6.78
6115,6.78
6116,6.80
6117,6.83
6118,6.71
6119,6.82
6120,6.79
6121,6.73
6122,6.68
6123,6.78
6124,6.86
6125,6.87
6126,6.80
6127,6.88
6128,6.78
6129,6.83
6130,6.76
6131,6.76
6132,6.75
6133,6.68
6134,6.85
6135,6.75
6136,6.75
6137,6.73
6138,6.78
6139,6.87
6140,6.89
6141,6.70
6142,6.77
6143,6.73
6144,6.84
6145,6.80
6146,6.75
6147,6.79
6148,6.76
6149,6.87
6150,6.81
6151,6.82
6152,6.65
6153,6.78
6154,6.89
6155,6.85
6156,6.69
6157,6.77
6158,6.73
6159,6.87
6160,6.80
6161,6.75
6162,6.79
6163,6.66
6164,6.73
6165,6.79
6166,6.83
6167,6.69
6168,6.77
6169,6.84
6170,6.71
6171,6.80
6172,6.79
6173,6.87
6174,6.77
6175,6.78
6176,6.83
6177,6.72
6178,6.77
6179,6.76
6180,6.78
6181,6.83
6182,6.81
6183,6.75
6184,6.79
6185,6.86
6186,6.74
6187,6.79
6188,6.78
6189,6.78
6190,6.70
6191,6.86
6192,6.75
6193,6.84
6194,6.75
6195,6.75
6196,6.85
6197,6.83
6198,6.80
6199,6.82
6200,6.77
6201,6.78
6202,6.75
6203,6.83
6204,6.75
6205,6.86
6206,6.77
6207,6.79
6208,6.82
6209,6.79
6210,6.77
6211,6.78
6212,6.83
6213,6.75
6214,6.78
6215,6.79
6216,6.83
6217,6.78
6218,6.88
6219,6.78
6220,6.77
6221,6.78
6222,6.72
6223,6.73
6224,6.76
6225,6.84
6226,6.78
6227,6.76
6228,6.85
6229,6.86
6230,6.85
6231,6.74
6232,6.76
6233,6.88
6234,6.80
6235,6.77
6236,6.82
6237,6.84
6238,6.76
6239,6.80
6240,6.83
6241,6.73
6242,6.79
6243,6.73
6244,6.74
6245,6.76
6246,6.81
6247,6.77
6248,6.75
6249,6.79
6250,6.73
6251,6.81
6252,6.84
6253,6.78
6254,6.77
6255,6.80
6256,6.68
6257,6.81
6258,6.94
6259,6.78
6260,6.78
6261,6.82
6262,6.87
6263,6.83
6264,6.68
6265,6.81
6266,6.91
6267,6.82
6268,6.73
6269,6.80
6270,6.72
6271,6.85
6272,6.74
6273,6.79
6274,6.74
6275,6.76
6276,6.86
6277,6.79
6278,6.76
6279,6.73
6280,6.69
6281,6.72
6282,6.79
6283,6.83
6284,6.76
6285,6.86
6286,6.75
6287,6.77
6288,6.73
6289,6.83
6290,6.89
6291,6.70
6292,6.77
6293,6.85
6294,6.71
6295,6.81
6296,6.85
6297,6.79
6298,6.81
6299,6.87
6300,6.88
6301,6.78
6302,6.76
6303,6.74
6304,6.83
6305,6.72
6306,6.77
6307,6.79
6308,6.76
6309,6.80
6310,6.91
6311,6.78
6312,6.76
6313,6.84
6314,6.80
6315,6.86
6316,6.79
6317,6.77
6318,6.70
6319,6.70
6320,6.69
6321,6.80
6322,6.72
6323,6.85
6324,6.79
6325,6.77
6326,6.74
6327,6.82
6328,6.75
6329,6.74
6330,6.85
6331,6.80
6332,6.77
6333,6.82
6334,6.79
6335,6.80
6336,6.74
6337,6.89
6338,6.76
6339,6.86
6340,6.78
6341,6.83
6342,6.82
6343,6.84
6344,6.74
6345,6.84
6346,6.88
6347,6.77
6348,6.79
6349,6.76
6350,6.77
6351,6.87
6352,6.74
6353,6.74
6354,6.87
6355,6.82
6356,6.89
6357,6.76
6358,6.79
6359,6.75
6360,6.79
6361,6.70
6362,6.82
6363,6.80
6364,6.78
6365,6.77
6366,6.74
6367,6.82
6368,6.73
6369,6.81
6370,6.89
6371,6.86
6372,6.71
6373,6.76
6374,6.81
6375,6.78
6376,6.72
6377,6.81
6378,6.79
6379,6.88
6380,6.77
6381,6.85
6382,6.72
6383,6.74
6384,6.82
6385,6.84
6386,6.74
6387,6.79
6388,6.72
6389,6.78
6390,6.83
6391,6.77
6392,6.77
6393,6.73
6394,6.75
6395,6.88
6396,6.79
6397,6.74
6398,6.77
6399,6.71
6400,6.74
6401,6.86
6402,6.78
6403,6.88
6404,6.78
6405,6.79
6406,6.82
6407,6.65
6408,6.80
6409,6.79
6410,6.86
6411,6.84
6412,6.73
6413,6.85
6414,6.77
6415,6.74
6416,6.80
6417,6.78
6418,6.86
6419,6.80
6420,6.80
6421,6.83
6422,6.84
6423,6.83
6424,6.86
6425,6.82
6426,6.80
6427,6.85
6428,6.78
6429,6.79
6430,6.87
6431,6.87
6432,6.79
6433,6.77
6434,6.86
6435,6.83
6436,6.80
6437,6.77
6438,6.81
6439,6.79
6440,6.76
6441,6.80
6442,6.80
6443,6.77
6444,6.83
6445,6.85
6446,6.84
6447,6.78
6448,6.83
6449,6.79
6450,6.73
6451,6.82
6452,6.80
6453,6.92
6454,6.86
6455,6.82
6456,6.80
6457,6.80
6458,6.74
6459,6.70
6460,6.75
6461,6.79
6462,6.68
6463,6.76
6464,6.78
6465,6.78
6466,6.76
6467,6.77
6468,6.88
6469,6.82
6470,6.76
6471,6.79
6472,6.79
6473,6.75
6474,6.75
6475,6.84
6476,6.77
6477,6.74
6478,6.79
6479,6.80
6480,6.69
6481,6.79
6482,6.83
6483,6.81
6484,6.90
6485,6.85
6486,6.86
6487,6.93
6488,6.83
6489,6.80
6490,6.84
6491,6.76
6492,6.80
6493,6.76
6494,6.81
6495,6.76
6496,6.76
6497,6.81
6498,6.78
6499,6.69
6500,6.72
6501,6.73
6502,6.75
6503,6.81
6504,6.80
6505,6.84
6506,6.83
6507,6.85
6508,6.82
6509,6.80
6510,6.85
6511,6.84
6512,6.81
6513,6.86
6514,6.67
6515,6.78
6516,6.78
6517,6.85
6518,6.87
6519,6.72
6520,6.86
6521,6.73
6522,6.74
6523,6.78
6524,6.78
6525,6.71
6526,6.82
6527,6.83
6528,6.85
6529,6.77
6530,6.79
6531,6.79
6532,6.88
6533,6.65
6534,6.74
6535,6.79
6536,6.74
6537,6.78
6538,6.79
6539,6.76
6540,6.80
6541,6.82
6542,6.78
6543,6.77
6544,6.79
6545,6.79
6546,6.71
6547,6.82
6548,6.77
6549,6.86
6550,6.82
6551,6.85
6552,6.74
6553,6.78
6554,6.73
6555,6.76
6556,6.86
6557,6.87
6558,6.74
6559,6.77
6560,6.79
6561,6.82
6562,6.71
6563,6.71
6564,6.82
6565,6.70
6566,6.77
6567,6.80
6568,6.82
6569,6.79
6570,6.78
6571,6.84
6572,6.81
6573,6.76
6574,6.80
6575,6.81
6576,6.88
6577,6.83
6578,6.86
6579,6.76
6580,6.77
6581,6.78
6582,6.79
6583,6.74
6584,6.86
6585,6.84
6586,6.78
6587,6.83
6588,6.81
6589,6.83
6590,6.73
6591,6.79
6592,6.79
6593,6.83
6594,6.76
6595,6.67
6596,6.74
6597,6.79
6598,6.80
6599,6.88
6600,6.83
6601,6.80
6602,6.79
6603,6.85
6604,6.77
6605,6.79
6606,6.74
6607,6.87
6608,6.82
6609,6.76
6610,6.79
6611,6.82
6612,6.78
6613,6.77
6614,6.76
6615,6.81
6616,6.78
6617,6.77
6618,6.73
6619,6.80
6620,6.79
6621,6.78
6622,6.81
6623,6.83
6624,6.83
6625,6.83
6626,6.79
6627,6.77
6628,6.75
6629,6.77
6630,6.80
6631,6.76
6632,6.80
6633,6.75
6634,6.72
6635,6.84
6636,6.77
6637,6.76
6638,6.74
6639,6.82
6640,6.87
6641,6.78
6642,6.79
6643,6.85
6644,6.71
6645,6.90
6646,6.92
6647,6.66
6648,6.79
6649,6.76
6650,6.79
6651,6.78
6652,6.84
6653,6.79
6654,6.75
6655,6.79
6656,6.83
6657,6.74
6658,6.72
6659,6.90
6660,6.77
6661,6.79
6662,6.78
6663,6.83
6664,6.89
6665,6.83
6666,6.72
6667,6.73
6668,6.78
6669,6.79
6670,6.71
6671,6.84
6672,6.75
6673,6.88
6674,6.89
6675,6.79
6676,6.82
6677,6.74
6678,6.83
6679,6.78
6680,6.75
6681,6.79
6682,6.78
6683,6.78
6684,6.85
6685,6.76
6686,6.89
6687,6.73
6688,6.88
6689,6.75
6690,6.80
6691,6.78
6692,6.78
6693,6.84
6694,6.88
6695,6.86
6696,6.78
6697,6.81
6698,6.76
6699,6.75
6700,6.74
6701,6.78
6702,6.81
6703,6.71
6704,6.80
6705,6.88
6706,6.86
6707,6.77
6708,6.73
6709,6.83
6710,6.69
6711,6.86
6712,6.79
6713,6.89
6714,6.72
6715,6.85
6716,6.80
6717,6.79
6718,6.73
6719,6.83
6720,6.84
6721,6.89
6722,6.85
6723,6.77
6724,6.75
6725,6.73
6726,6.88
6727,6.76
6728,6.88
6729,6.83
6730,6.82
6731,6.79
6732,6.84
6733,6.80
6734,6.79
6735,6.84
6736,6.80
6737,6.76
6738,6.83
6739,6.80
6740,6.83
6741,6.78
6742,6.74
6743,6.89
6744,6.88
6745,6.85
6746,6.79
6747,6.79
6748,6.87
6749,6.79
6750,6.77
6751,6.90
6752,6.80
6753,6.89
6754,6.73
6755,6.83
6756,6.91
6757,6.81
6758,6.79
6759,6.75
6760,6.86
6761,6.77
6762,6.80
6763,6.74
6764,6.88
6765,6.86
6766,6.80
6767,6.75
6768,6.88
6769,6.79
6770,6.75
6771,6.72
6772,6.77
6773,6.73
6774,6.77
6775,6.84
6776,6.79
6777,6.82
6778,6.77
6779,6.81
6780,6.90
6781,6.79
6782,6.83
6783,6.73
6784,6.88
6785,6.78
6786,6.86
6787,6.80
6788,6.84
6789,6.84
6790,6.78
6791,6.86
6792,6.77
6793,6.85
6794,6.79
6795,6.82
6796,6.78
6797,6.81
6798,6.75
6799,6.82
6800,6.81
6801,6.78
6802,6.80
6803,6.81
6804,6.78
6805,6.80
6806,6.76
6807,6.92
6808,6.86
6809,6.82
6810,6.87
6811,6.71
6812,6.68
6813,6.79
6814,6.74
6815,6.80
6816,6.82
6817,6.85
6818,6.75
6819,6.83
6820,6.81
6821,6.83
6822,6.78
6823,6.88
6824,6.80
6825,6.90
6826,6.77
6827,6.85
6828,6.81
6829,6.79
6830,6.84
6831,6.79
6832,6.68
6833,6.66
6834,6.87
6835,6.87
6836,6.90
6837,6.81
6838,6.74
6839,6.79
6840,6.81
6841,6.76
6842,6.89
6843,6.92
6844,6.83
6845,6.81
6846,6.74
6847,6.89
6848,6.81
6849,6.80
6850,6.83
6851,6.78
6852,6.82
6853,6.74
6854,6.86
6855,6.80
6856,6.87
6857,6.80
6858,6.80
6859,6.75
6860,6.85
6861,6.77
6862,6.79
6863,6.81
6864,6.82
6865,6.72
6866,6.80
6867,6.85
6868,6.79
6869,6.80
6870,6.82
6871,6.80
6872,6.76
6873,6.81
6874,6.86
6875,6.76
6876,6.79
6877,6.74
6878,6.86
6879,6.81
6880,6.77
6881,6.82
6882,6.75
6883,6.76
6884,6.74
6885,6.76
6886,6.88
6887,6.77
6888,6.83
6889,6.77
6890,6.85
6891,6.76
6892,6.81
6893,6.81
6894,6.93
6895,6.84
6896,6.78
6897,6.85
6898,6.92
6899,6.73
6900,6.77
6901,6.80
6902,6.79
6903,6.80
6904,6.75
6905,6.88
6906,6.74
6907,6.80
6908,6.86
6909,6.81
6910,6.76
6911,6.74
6912,6.80
6913,6.77
6914,6.82
6915,6.74
6916,6.85
6917,6.82
6918,6.82
6919,6.88
6920,6.79
6921,6.78
6922,6.78
6923,6.80
6924,0.60
6925,6.77
6926,6.71
6927,6.78
6928,6.83
6929,6.82
6930,6.87
6931,6.91
6932,6.85
6933,6.88
6934,6.85
6935,6.90
6936,6.91
6937,6.86
6938,6.85
6939,6.80
6940,6.81
6941,6.80
6942,6.84
6943,6.78
6944,6.80
6945,6.70
6946,6.90
6947,6.80
6948,6.84
6949,6.89
6950,6.83
6951,6.89
6952,6.75
6953,6.93
6954,6.87
6955,6.82
6956,6.88
6957,6.75
6958,6.80
6959,6.89
6960,6.72
6961,6.84
6962,6.84
6963,6.91
6964,6.73
6965,6.89
6966,6.79
6967,6.79
6968,6.75
6969,6.76
6970,6.83
6971,6.76
6972,6.85
6973,6.78
6974,6.75
6975,6.79
6976,6.83
6977,6.80
6978,6.82
6979,6.85
6980,6.87
6981,6.80
6982,6.76
6983,6.82
6984,6.84
6985,6.74
6986,6.77
6987,6.78
6988,6.80
6989,6.78
6990,6.85
6991,6.73
6992,6.74
6993,6.80
6994,6.81
6995,6.74
6996,6.78
6997,6.79
6998,6.79
6999,6.82
7000,6.78
7001,6.89
7002,6.84
7003,6.77
7004,6.82
7005,6.82
7006,6.88
7007,6.78
7008,6.85
7009,6.82
7010,6.89
7011,6.88
7012,6.82
7013,6.80
7014,6.84
7015,6.81
7016,6.90
7017,6.82
7018,6.79
7019,6.79
7020,6.75
7021,6.84
7022,6.77
7023,6.87
7024,6.75
7025,6.82
7026,6.87
7027,6.71
7028,6.92
7029,6.79
7030,6.82
7031,6.84
7032,6.85
7033,6.83
7034,6.86
7035,6.84
7036,6.90
7037,6.84
7038,6.91
7039,6.86
7040,6.72
7041,6.95
7042,6.79
7043,6.89
7044,6.82
7045,6.87
7046,6.78
7047,6.85
7048,6.80
7049,6.89
7050,6.84
7051,6.86
7052,6.71
7053,6.81
7054,6.84
7055,6.83
7056,6.86
7057,6.80
7058,6.82
7059,6.87
7060,6.70
7061,6.84
7062,6.80
7063,6.77
7064,6.83
7065,6.88
7066,6.87
7067,6.81
7068,6.86
7069,6.86
7070,6.81
7071,6.78
7072,6.78
7073,6.86
7074,6.81
7075,6.76
7076,6.73
7077,6.86
7078,6.79
7079,6.83
7080,6.88
7081,6.75
7082,6.81
7083,6.81
7084,6.83
7085,6.88
7086,6.75
7087,6.84
7088,6.87
7089,6.81
7090,6.81
7091,6.84
7092,6.83
7093,6.84
7094,6.84
7095,6.77
7096,6.86
7097,6.87
7098,6.82
7099,6.74
7100,6.81
7101,6.82
7102,6.76
7103,6.80
7104,6.74
7105,6.85
7106,6.82
7107,6.73
7108,6.83
7109,6.81
7110,6.84
7111,6.80
7112,6.77
7113,6.78
7114,6.79
7115,6.82
7116,6.82
7117,6.81
7118,6.79
7119,6.80
7120,6.94
7121,6.78
7122,6.79
7123,6.98
7124,6.84
7125,6.75
7126,6.86
7127,6.77
7128,6.86
7129,6.80
7130,6.79
7131,6.90
7132,6.84
7133,6.86
7134,6.84
7135,6.79
7136,6.85
7137,6.88
7138,6.82
7139,6.90
7140,6.86
7141,6.83
7142,6.83
7143,6.82
7144,6.75
7145,6.81
7146,6.83
7147,6.79
7148,6.83
7149,6.82
7150,6.85
7151,6.85
7152,6.82
7153,6.75
7154,6.90
7155,6.81
7156,6.81
7157,6.80
7158,6.79
7159,6.89
7160,6.88
7161,6.84
7162,6.81
7163,6.85
7164,6.82
7165,6.80
7166,6.83
7167,6.79
7168,6.83
7169,6.82
7170,6.84
7171,6.78
7172,6.85
7173,6.77
7174,6.79
7175,6.79
7176,6.76
7177,6.86
7178,6.77
7179,6.78
7180,6.88
7181,6.79
7182,6.80
7183,6.76
7184,6.86
7185,6.86
7186,6.85
7187,6.84
7188,6.82
7189,6.79
7190,6.77
7191,6.88
7192,6.85
7193,6.78
7194,6.82
7195,6.80
7196,6.76
7197,6.82
7198,6.79
7199,6.77
7200,6.74
7201,6.74
7202,6.79
7203,6.81
7204,6.77
7205,6.85
7206,6.81
7207,6.84
7208,6.80
7209,6.77
7210,6.82
7211,6.75
7212,6.84
7213,6.77
7214,6.86
7215,6.80
7216,6.87
7217,6.76
7218,6.78
7219,6.83
7220,6.87
7221,6.90
7222,6.82
7223,6.90
7224,6.80
7225,6.87
7226,6.77
7227,6.83
7228,6.70
7229,6.76
7230,6.84
7231,6.75
7232,6.83
7233,6.86
7234,6.79
7235,6.76
7236,6.79
7237,6.76
7238,6.81
7239,6.82
7240,6.80
7241,6.90
7242,6.78
7243,6.88
7244,6.76
7245,6.82
7246,6.87
7247,6.87
7248,6.79
7249,6.84
7250,6.83
7251,6.79
7252,6.84
7253,6.91
7254,6.84
7255,6.84
7256,6.85
7257,6.74
7258,6.83
7259,6.76
7260,6.78
7261,6.92
7262,6.80
7263,6.77
7264,6.87
7265,6.76
7266,6.79
7267,6.87
7268,6.81
7269,6.73
7270,6.84
7271,6.79
7272,6.89
7273,6.78
7274,6.86
7275,6.90
7276,6.77
7277,6.80
7278,6.83
7279,6.77
7280,6.82
7281,6.80
7282,6.80
7283,6.81
7284,6.81
7285,6.82
7286,6.78
7287,6.78
7288,6.80
7289,6.81
7290,6.79
7291,6.83
7292,6.72
7293,6.77
7294,6.80
7295,6.77
7296,6.89
7297,6.81
7298,6.82
7299,6.79
7300,6.81
7301,6.75
7302,6.80
7303,6.76
7304,6.80
7305,6.68
7306,6.75
7307,6.88
7308,6.85
7309,6.88
7310,6.88
7311,6.84
7312,6.79
7313,6.76
7314,6.87
7315,6.81
7316,6.93
7317,6.79
7318,6.91
7319,6.80
7320,6.88
7321,6.89
7322,6.76
7323,6.79
7324,6.76
7325,6.75
7326,6.84
7327,6.80
7328,6.81
7329,6.84
7330,6.72
7331,6.87
7332,6.79
7333,6.84
7334,6.84
7335,6.88
7336,6.80
7337,6.70
7338,6.81
7339,6.82
7340,6.76
7341,6.82
7342,6.79
7343,6.74
7344,6.84
7345,6.78
7346,6.79
7347,6.79
7348,6.87
7349,6.81
7350,6.81
7351,6.79
7352,6.83
7353,6.88
7354,6.84
7355,6.84
7356,6.84
7357,6.74
7358,6.76
7359,6.80
7360,6.77
7361,6.75
7362,6.71
7363,6.74
7364,6.79
7365,6.80
7366,6.77
7367,6.81
7368,6.79
7369,6.86
7370,6.80
7371,6.84
7372,6.82
7373,6.74
7374,6.80
7375,6.74
7376,6.80
7377,6.77
7378,6.83
7379,6.74
7380,6.81
7381,6.84
7382,6.85
7383,6.77
7384,6.81
7385,6.82
7386,6.88
7387,6.73
7388,6.76
7389,6.95
7390,6.79
7391,6.71
7392,6.78
7393,6.67
7394,6.82
7395,6.85
7396,6.76
7397,6.78
7398,6.85
7399,6.72
7400,6.74
7401,6.79
7402,6.77
7403,6.79
7404,6.74
7405,6.82
7406,6.80
7407,6.83
7408,6.82
7409,6.82
7410,6.73
7411,6.83
7412,6.79
7413,6.80
7414,6.86
7415,6.77
7416,6.87
7417,6.88
7418,6.84
7419,6.76
7420,6.70
7421,6.86
7422,6.81
7423,6.77
7424,6.86
7425,6.76
7426,6.78
7427,6.83
7428,6.75
7429,6.80
7430,6.86
7431,6.81
7432,6.87
7433,6.86
7434,6.80
7435,6.69
7436,6.75
7437,6.84
7438,6.73
7439,6.79
7440,6.82
7441,6.88
7442,6.77
7443,6.77
7444,6.80
7445,1.48
7446,6.80
7447,6.86
7448,6.76
7449,6.81
7450,6.83
7451,6.78
7452,6.84
7453,6.81
7454,6.84
7455,6.81
7456,6.82
7457,6.77
7458,6.77
7459,6.86
7460,6.83
7461,6.75
7462,6.81
7463,6.68
7464,6.77
7465,6.85
7466,6.80
7467,6.81
7468,6.65
7469,6.78
7470,6.82
7471,6.82
7472,6.85
7473,6.79
7474,6.79
7475,6.73
7476,6.79
7477,6.74
7478,6.71
7479,6.75
7480,6.88
7481,6.79
7482,6.81
7483,6.78
7484,6.71
7485,6.85
7486,6.69
7487,6.77
7488,6.80
7489,6.81
7490,6.76
7491,6.71
7492,6.76
7493,6.76
7494,6.76
7495,6.85
7496,6.74
7497,6.82
7498,6.81
7499,6.85
7500,6.79
7501,6.84
7502,6.79
7503,6.82
7504,6.72
7505,6.67
7506,6.82
7507,6.82
7508,6.82
7509,6.77
7510,6.87
7511,6.78
7512,6.82
7513,6.83
7514,6.89
7515,6.78
7516,6.77
7517,6.72
7518,6.88
7519,6.82
7520,6.82
7521,6.95
7522,6.81
7523,6.73
7524,6.79
7525,6.75
7526,6.78
7527,6.78
7528,6.77
7529,6.73
7530,6.88
7531,6.81
7532,6.79
7533,6.84
7534,6.82
7535,6.81
7536,6.83
7537,6.80
7538,6.83
7539,6.84
7540,6.81
7541,6.79
7542,6.87
7543,6.77
7544,6.82
7545,6.82
7546,6.77
7547,6.76
7548,6.78
7549,6.77
7550,6.72
7551,6.76
7552,6.81
7553,6.86
7554,6.82
7555,6.67
7556,6.83
7557,6.77
7558,6.82
7559,6.80
7560,6.79
7561,6.79
7562,6.80
7563,6.86
7564,6.80
7565,6.85
7566,6.84
7567,6.83
7568,6.71
7569,6.85
7570,6.77
7571,6.83
7572,6.75
7573,6.74
7574,6.89
7575,6.75
7576,6.85
7577,6.80
7578,6.77
7579,6.79
7580,6.73
7581,6.79
7582,6.74
7583,6.78
7584,6.84
7585,6.81
7586,6.72
7587,6.84
7588,6.79
7589,6.77
7590,6.83
7591,6.79
7592,6.74
7593,6.89
7594,6.79
7595,6.79
7596,6.77
7597,6.85
7598,6.77
7599,6.72
7600,6.76
7601,6.86
7602,6.84
7603,6.78
7604,6.86
7605,6.83
7606,6.78
7607,6.79
7608,6.81
7609,6.75
7610,6.79
7611,6.81
7612,6.71
7613,6.78
7614,6.78
7615,6.85
7616,6.70
7617,6.77
7618,6.77
7619,6.84
7620,6.79
7621,6.88
7622,6.83
7623,6.77
7624,6.81
7625,6.78
7626,6.84
7627,6.73
7628,6.75
7629,6.82
7630,6.85
7631,6.68
7632,6.86
7633,6.79
7634,6.70
7635,6.64
7636,6.72
7637,6.79
7638,6.79
7639,6.82
7640,6.76
7641,6.74
7642,6.77
7643,6.79
7644,6.80
7645,6.75
7646,6.84
7647,6.76
7648,6.75
7649,6.76
7650,6.85
7651,6.79
7652,6.76
7653,6.84
7654,6.90
7655,6.80
7656,6.85
7657,6.84
7658,6.76
7659,6.79
7660,6.73
7661,6.78
7662,6.76
7663,6.77
7664,6.75
7665,6.78
7666,6.82
7667,6.79
7668,6.70
7669,6.75
7670,6.72
7671,6.80
7672,6.82
7673,6.80
7674,6.75
7675,6.80
7676,6.77
7677,6.73
7678,6.83
7679,6.83
7680,6.84
7681,6.76
7682,6.85
7683,6.77
7684,6.82
7685,6.76
7686,6.78
7687,6.67
7688,6.78
7689,6.79
7690,6.77
7691,6.88
7692,6.73
7693,6.76
7694,6.74
7695,6.76
7696,6.84
7697,6.86
7698,6.75
7699,6.75
7700,6.73
7701,6.85
7702,6.85
7703,6.78
7704,6.72
7705,6.72
7706,6.80
7707,6.82
7708,6.69
7709,6.77
7710,6.87
7711,6.78
7712,6.86
7713,6.82
7714,6.73
7715,6.77
7716,6.78
7717,6.74
7718,6.74
7719,6.86
7720,6.74
7721,6.84
7722,6.77
7723,6.79
7724,6.82
7725,6.76
7726,6.82
7727,6.69
7728,6.81
7729,6.67
7730,6.78
7731,6.83
7732,6.82
7733,6.72
7734,6.73
7735,6.75
7736,6.80
7737,6.69
7738,6.79
7739,6.80
7740,6.77
7741,6.81
7742,6.80
7743,6.76
7744,6.69
7745,6.79
7746,6.74
7747,6.76
7748,6.81
7749,6.86
7750,6.79
7751,6.82
7752,6.72
7753,6.80
7754,6.78
7755,6.85
7756,6.76
7757,6.78
7758,6.84
7759,6.78
7760,6.73
7761,6.92
7762,6.73
7763,6.78
7764,6.80
7765,6.80
7766,6.78
7767,6.78
7768,6.78
7769,6.73
7770,6.89
7771,6.78
7772,6.82
7773,6.77
7774,6.77
7775,6.76
7776,6.71
7777,6.78
7778,6.77
7779,6.85
7780,6.73
7781,6.76
7782,6.74
7783,6.86
7784,6.74
7785,6.81
7786,6.84
7787,6.78
7788,6.72
7789,1.44
7790,6.83
7791,6.72
7792,6.81
7793,6.79
7794,6.81
7795,6.81
7796,6.74
7797,6.74
7798,6.82
7799,6.75
7800,6.65
7801,6.82
7802,6.73
7803,6.81
7804,6.86
7805,6.79
7806,6.84
7807,6.79
7808,6.87
7809,6.73
7810,6.79
7811,6.82
7812,6.78
7813,6.84
7814,6.76
7815,6.89
7816,6.89
7817,6.80
7818,6.81
7819,6.85
7820,6.73
7821,6.72
7822,6.85
7823,6.80
7824,6.77
7825,6.79
7826,6.67
7827,6.78
7828,6.75
7829,6.83
7830,6.84
7831,6.81
7832,6.81
7833,6.71
7834,6.82
7835,6.82
7836,6.85
7837,6.89
7838,6.70
7839,6.77
7840,6.75
7841,6.79
7842,6.79
7843,6.77
7844,6.84
7845,6.73
7846,6.73
7847,6.73
7848,6.77
7849,6.72
7850,6.78
7851,6.78
7852,6.75
7853,6.83
7854,6.78
7855,6.84
7856,6.78
7857,6.78
7858,6.76
7859,6.78
7860,6.82
7861,6.76
7862,6.81
7863,6.74
7864,6.82
7865,6.76
7866,6.83
7867,6.79
7868,6.86
7869,6.73
7870,6.71
7871,6.75
7872,6.72
7873,6.72
7874,6.82
7875,6.78
7876,6.76
7877,6.77
7878,6.76
7879,6.87
7880,6.75
7881,6.72
7882,6.82
7883,6.77
7884,6.89
7885,6.76
7886,6.83
7887,6.84
7888,6.76
7889,6.75
7890,6.82
7891,6.81
7892,6.71
7893,6.73
7894,6.66
7895,6.81
7896,6.77
7897,6.78
7898,6.70
7899,6.73
7900,6.76
7901,6.75
7902,6.79
7903,6.81
7904,6.90
7905,6.78
7906,6.84
7907,6.74
7908,6.70
7909,6.77
7910,6.71
7911,6.79
7912,6.75
7913,6.69
7914,6.87
7915,6.76
7916,6.70
7917,6.83
7918,6.75
7919,6.84
7920,6.75
7921,6.76
7922,6.80
7923,6.81
7924,6.82
7925,6.78
7926,6.81
7927,6.82
7928,6.80
7929,6.78
7930,6.71
7931,6.81
7932,6.79
7933,6.76
7934,6.85
7935,6.71
7936,6.87
7937,6.78
7938,6.80
7939,6.77
7940,6.70
7941,6.78
7942,6.80
7943,6.82
7944,6.78
7945,6.68
7946,6.71
7947,6.89
7948,6.73
7949,6.86
7950,6.74
7951,6.78
7952,6.82
7953,6.74
7954,6.86
7955,6.79
7956,6.81
7957,6.77
7958,6.82
7959,6.86
7960,6.78
7961,6.87
7962,6.75
7963,6.82
7964,6.81
7965,6.73
7966,6.80
7967,6.79
7968,6.74
7969,6.80
7970,6.79
7971,6.78
7972,6.78
7973,6.78
7974,6.77
7975,6.79
7976,6.75
7977,6.92
7978,6.71
7979,6.76
7980,6.76
7981,6.89
7982,6.72
7983,6.81
7984,6.80
7985,6.80
7986,6.85
7987,6.85
7988,6.76
7989,6.80
7990,6.69
7991,6.79
7992,6.75
7993,6.78
7994,6.70
7995,6.81
7996,6.70
7997,6.79
7998,6.72
7999,6.74
8000,6.84
8001,6.82
8002,6.84
8003,6.86
8004,6.75
8005,6.86
8006,6.71
8007,6.82
8008,6.76
8009,6.74
8010,6.82
8011,6.83
8012,6.83
8013,6.80
8014,6.79
8015,6.81
8016,6.80
8017,6.81
8018,6.80
8019,6.83
8020,6.70
8021,6.78
8022,6.72
8023,6.80
8024,6.87
8025,6.76
8026,6.79
8027,6.82
8028,6.68
8029,6.76
8030,6.80
8031,6.64
8032,6.74
8033,6.84
8034,6.84
8035,6.81
8036,6.83
8037,6.80
8038,6.81
8039,6.77
8040,6.79
8041,6.76
8042,6.85
8043,6.86
8044,6.86
8045,6.77
8046,6.74
8047,6.85
8048,6.81
8049,6.80
8050,6.76
8051,6.81
8052,6.73
8053,6.82
8054,6.86
8055,6.87
8056,6.82
8057,6.72
8058,6.80
8059,6.89
8060,6.74
8061,6.78
8062,6.86
8063,6.82
8064,6.91
8065,6.75
8066,6.74
8067,6.85
8068,6.73
8069,6.78
8070,6.78
8071,6.84
8072,6.82
8073,6.81
8074,6.77
8075,6.85
8076,6.99
8077,6.82
8078,6.79
8079,6.72
8080,6.76
8081,6.78
8082,6.76
8083,6.79
8084,6.88
8085,6.85
8086,6.78
8087,6.73
8088,6.85
8089,6.79
8090,6.70
8091,6.82
8092,6.84
8093,6.67
8094,6.75
8095,6.78
8096,6.83
8097,6.76
8098,6.75
8099,6.82
8100,6.77
8101,6.82
8102,6.73
8103,6.72
8104,6.83
8105,6.80
8106,6.83
8107,6.76
8108,6.75
8109,6.86
8110,6.71
8111,6.85
8112,6.85
8113,6.83
8114,6.75
8115,6.75
8116,6.78
8117,6.72
8118,6.74
8119,6.82
8120,6.82
8121,6.74
8122,6.82
8123,6.81
8124,6.86
8125,6.82
8126,6.84
8127,6.81
8128,6.84
8129,6.73
8130,6.78
8131,6.79
8132,6.78
8133,6.81
8134,6.82
8135,6.81
8136,6.78
8137,6.75
8138,6.84
8139,6.81
8140,6.74
8141,6.78
8142,6.70
8143,6.79
8144,6.78
8145,6.76
8146,6.87
8147,6.73
8148,6.83
8149,6.90
8150,6.84
8151,6.79
8152,6.73
8153,6.72
8154,6.77
8155,6.76
8156,6.75
8157,6.77
8158,6.79
8159,6.82
8160,6.73
8161,6.76
8162,6.78
8163,6.78
8164,6.88
8165,6.80
8166,6.71
8167,6.81
8168,6.82
8169,6.79
8170,6.73
8171,6.88
8172,6.74
8173,6.82
8174,6.80
8175,6.82
8176,6.88
8177,6.82
8178,6.76
8179,6.85
8180,6.76
8181,6.80
8182,6.73
8183,6.74
8184,6.79
8185,6.81
8186,6.71
8187,6.82
8188,6.75
8189,6.86
8190,6.77
8191,6.74
8192,6.80
8193,6.75
8194,6.86
8195,6.79
8196,6.79
8197,6.82
8198,6.74
8199,6.73
8200,6.81
8201,6.74
8202,6.74
8203,6.83
8204,6.82
8205,6.73
8206,6.76
8207,6.75
8208,6.88
8209,6.84
8210,6.77
8211,6.82
8212,6.73
8213,6.76
8214,6.80
8215,6.82
8216,6.79
8217,6.81
8218,6.80
8219,6.79
8220,6.78
8221,6.77
8222,6.81
8223,6.81
8224,6.80
8225,6.74
8226,6.74
8227,6.81
8228,6.87
8229,6.80
8230,6.77
8231,6.81
8232,6.74
8233,6.86
8234,6.80
8235,6.76
8236,6.79
8237,6.77
8238,6.86
8239,6.78
8240,6.80
8241,6.82
8242,6.76
8243,6.80
8244,6.81
8245,6.72
8246,6.81
8247,6.79
8248,6.80
8249,6.80
8250,6.81
8251,6.86
8252,6.74
8253,6.78
8254,6.83
8255,6.82
8256,6.82
8257,6.93
8258,6.83
8259,6.85
8260,6.78
8261,6.75
8262,6.78
8263,6.83
8264,6.82
8265,6.82
8266,6.79
8267,6.78
8268,6.79
8269,6.83
8270,6.84
8271,6.75
8272,6.83
8273,6.76
8274,6.82
8275,6.79
8276,6.88
8277,6.78
8278,6.81
8279,6.83
8280,6.75
8281,6.79
8282,6.78
8283,6.77
8284,6.78
8285,6.85
8286,6.77
8287,6.83
8288,6.81
8289,6.73
8290,6.82
8291,6.73
8292,6.83
8293,6.77
8294,6.80
8295,6.73
8296,6.80
8297,6.84
8298,6.76
8299,6.77
8300,6.82
8301,6.82
8302,6.68
8303,6.90
8304,6.82
8305,6.83
8306,6.79
8307,6.71
8308,6.83
8309,6.77
8310,6.83
8311,6.79
8312,6.81
8313,6.76
8314,6.84
8315,6.74
8316,6.91
8317,6.91
8318,6.88
8319,6.86
8320,6.80
8321,6.86
8322,6.79
8323,6.72
8324,6.87
8325,6.86
8326,6.80
8327,6.74
8328,6.77
8329,6.71
8330,6.85
8331,6.72
8332,6.81
8333,6.76
8334,6.73
8335,6.81
8336,6.78
8337,6.84
8338,6.74
8339,6.76
8340,6.68
8341,6.69
8342,6.89
8343,6.90
8344,6.81
8345,6.76
8346,6.79
8347,6.84
8348,6.78
8349,6.81
8350,6.80
8351,6.77
8352,6.77
8353,6.82
8354,6.75
8355,6.82
8356,6.78
8357,6.81
8358,6.87
8359,6.79
8360,6.85
8361,6.71
8362,6.78
8363,6.80
8364,6.90
8365,6.70
8366,6.80
8367,6.87
8368,6.76
8369,6.79
8370,6.82
8371,6.81
8372,6.88
8373,6.82
8374,6.87
8375,6.78
8376,6.77
8377,6.79
8378,6.74
8379,6.83
8380,6.78
8381,6.77
8382,6.83
8383,6.75
8384,6.84
8385,6.78
8386,6.86
8387,6.78
8388,6.83
8389,6.81
8390,6.84
8391,6.81
8392,6.72
8393,6.85
8394,6.80
8395,6.84
8396,6.84
8397,6.76
8398,6.76
8399,6.84
8400,6.79
8401,6.85
8402,6.79
8403,6.86
8404,6.83
8405,6.82
8406,6.79
8407,6.82
8408,6.86
8409,6.80
8410,6.83
8411,6.81
8412,6.81
8413,6.89
8414,6.86
8415,6.81
8416,6.82
8417,6.77
8418,6.80
8419,6.82
8420,6.85
8421,6.84
8422,6.75
8423,6.85
8424,6.80
8425,6.76
8426,6.87
8427,6.88
8428,6.82
8429,6.84
8430,6.84
8431,6.88
8432,6.84
8433,6.74
8434,6.91
8435,6.86
8436,6.78
8437,6.75
8438,6.83
8439,6.79
8440,6.82
8441,6.84
8442,6.78
8443,6.75
8444,6.83
8445,6.78
8446,6.81
8447,6.74
8448,6.79
8449,6.84
8450,6.84
8451,6.77
8452,6.75
8453,6.81
8454,6.83
8455,6.83
8456,6.78
8457,6.82
8458,6.88
8459,6.82
8460,6.73
8461,6.82
8462,6.91
8463,6.74
8464,6.81
8465,6.80
8466,6.81
8467,6.82
8468,6.86
8469,6.81
8470,6.87
8471,6.80
8472,6.79
8473,6.77
8474,6.72
8475,6.82
8476,6.91
8477,6.83
8478,6.84
8479,6.79
8480,6.80
8481,6.86
8482,6.91
8483,6.88
8484,6.85
8485,6.81
8486,6.82
8487,6.77
8488,6.74
8489,6.75
8490,6.81
8491,6.79
8492,6.74
8493,6.81
8494,6.79
8495,6.75
8496,6.79
8497,6.79
8498,6.78
8499,6.86
8500,6.71
8501,6.71
8502,6.81
8503,6.81
8504,6.83
8505,6.78
8506,6.76
8507,6.81
8508,6.79
8509,6.89
8510,6.79
8511,6.81
8512,6.93
8513,6.80
8514,6.84
8515,6.84
8516,6.85
8517,6.82
8518,6.82
8519,6.81
8520,6.78
8521,6.83
8522,6.91
8523,6.87
8524,6.83
8525,6.85
8526,6.77
8527,6.80
8528,6.86
8529,6.88
8530,6.77
8531,6.79
8532,6.92
8533,6.82
8534,6.90
8535,6.82
8536,6.82
8537,6.80
8538,6.86
8539,6.88
8540,6.76
8541,6.79
8542,6.86
8543,6.80
8544,6.79
8545,6.86
8546,6.87
8547,6.79
8548,6.82
8549,6.75
8550,6.77
8551,6.82
8552,6.81
8553,6.76
8554,6.78
8555,6.76
8556,6.83
8557,6.71
8558,6.76
8559,6.72
8560,6.83
8561,6.72
8562,6.81
8563,6.89
8564,6.90
8565,6.72
8566,6.83
8567,6.76
8568,6.75
8569,6.81
8570,6.87
8571,6.84
8572,6.78
8573,6.85
8574,6.70
8575,6.77
8576,6.77
8577,6.82
8578,6.80
8579,6.80
8580,6.80
8581,6.81
8582,6.84
8583,6.82
8584,6.80
8585,6.83
8586,6.85
8587,6.78
8588,6.81
8589,6.87
8590,6.76
8591,6.90
8592,6.75
8593,6.80
8594,6.76
8595,6.92
8596,6.79
8597,6.79
8598,6.79
8599,6.82
8600,6.80
8601,6.81
8602,6.64
8603,6.82
8604,6.81
8605,6.86
8606,6.88
8607,6.80
8608,6.85
8609,6.76
8610,6.85
8611,6.78
8612,6.75
8613,6.80
8614,6.88
8615,6.82
8616,6.89
8617,6.78
8618,6.87
8619,6.78
8620,6.82
8621,6.82
8622,6.85
8623,6.83
8624,6.78
8625,6.86
8626,6.90
8627,6.78
8628,6.72
8629,6.84
8630,6.80
8631,6.81
8632,6.84
8633,6.79
8634,6.80
8635,6.81
8636,6.89
8637,6.82
8638,6.75
8639,6.75
8640,6.82
8641,6.76
8642,6.74
8643,6.85
8644,6.85
8645,6.80
8646,6.83
8647,6.82
8648,6.84
8649,6.84
8650,6.68
8651,6.80
8652,6.84
8653,6.79
8654,6.82
8655,6.85
8656,6.82
8657,6.89
8658,6.87
8659,6.81
8660,6.80
8661,6.67
8662,6.80
8663,6.75
8664,6.83
8665,6.82
8666,6.85
8667,6.88
8668,6.81
8669,6.93
8670,6.83
8671,6.75
8672,6.79
8673,6.80
8674,6.84
8675,6.77
8676,6.80
8677,6.81
8678,6.79
8679,6.86
8680,6.85
8681,6.87
8682,6.80
8683,6.87
8684,6.75
8685,6.75
8686,6.75
8687,6.82
8688,6.87
8689,6.78
8690,6.79
8691,6.80
8692,6.84
8693,6.79
8694,6.79
8695,6.75
8696,6.79
8697,6.87
8698,6.82
8699,6.78
8700,6.88
8701,6.79
8702,6.89
8703,6.88
8704,6.82
8705,6.74
8706,6.93
8707,6.83
8708,6.80
8709,6.86
8710,6.85
8711,6.88
8712,6.78
8713,6.83
8714,6.76
8715,6.85
8716,6.81
8717,6.83
8718,6.81
8719,6.80
8720,6.77
8721,6.85
8722,6.89
8723,6.79
8724,6.84
8725,6.84
8726,6.82
8727,6.74
8728,6.75
8729,6.78
8730,6.71
8731,6.89
8732,6.83
8733,6.81
8734,6.71
8735,6.72
8736,6.81
8737,6.91
8738,6.78
8739,6.86
8740,6.79
8741,6.82
8742,6.88
8743,6.80
8744,6.78
8745,6.89
8746,6.82
8747,6.87
8748,6.78
8749,6.89
8750,6.83
8751,6.84
8752,6.82
8753,6.79
8754,6.81
8755,6.79
8756,6.86
8757,6.80
8758,6.74
8759,6.73
8760,6.73
8761,6.85
8762,6.76
8763,6.83
8764,6.82
8765,6.81
8766,6.84
8767,6.82
8768,6.68
8769,6.80
8770,6.84
8771,6.90
8772,6.90
8773,6.75
8774,6.80
8775,6.74
8776,6.89
8777,6.87
8778,6.83
8779,6.82
8780,6.88
8781,6.88
8782,6.87
8783,6.84
8784,6.80
8785,6.85
8786,6.86
8787,6.81
8788,6.80
8789,6.87
8790,6.90
8791,6.78
8792,6.80
8793,6.83
8794,6.84
8795,6.79
8796,6.91
8797,6.84
8798,6.84
8799,6.90
8800,6.79
8801,6.81
8802,6.75
8803,6.81
8804,6.74
8805,6.85
8806,6.84
8807,6.80
8808,6.81
8809,6.85
8810,6.76
8811,6.82
8812,6.85
8813,6.73
8814,6.85
8815,6.73
8816,6.81
8817,6.76
8818,6.89
8819,6.76
8820,6.73
8821,6.82
8822,6.79
8823,6.74
8824,6.84
8825,6.71
8826,6.76
8827,6.79
8828,6.85
8829,6.88
8830,6.87
8831,6.81
8832,6.69
8833,6.83
8834,6.89
8835,6.88
8836,6.84
8837,6.75
8838,6.79
8839,6.91
8840,6.74
8841,6.76
8842,6.86
8843,6.79
8844,6.75
8845,6.89
8846,6.84
8847,6.79
8848,6.76
8849,6.92
8850,6.81
8851,6.88
8852,6.86
8853,6.79
8854,6.79
8855,6.89
8856,6.89
8857,6.72
8858,6.84
8859,6.81
8860,6.76
8861,6.83
8862,6.75
8863,6.79
8864,6.77
8865,6.79
8866,6.81
8867,6.76
8868,6.89
8869,6.84
8870,6.90
8871,6.81
8872,6.79
8873,6.90
8874,6.78
8875,6.80
8876,6.85
8877,6.75
8878,6.85
8879,6.84
8880,6.88
8881,6.86
8882,0.36
8883,6.81
8884,6.77
8885,6.92
8886,6.74
8887,6.74
8888,6.84
8889,6.89
8890,6.82
8891,6.86
8892,6.71
8893,6.79
8894,6.72
8895,6.85
8896,6.74
8897,6.75
8898,6.84
8899,6.87
8900,6.80
8901,6.84
8902,6.84
8903,6.80
8904,6.76
8905,6.84
8906,6.84
8907,6.86
8908,6.83
8909,6.75
8910,6.85
8911,6.81
8912,6.79
8913,6.80
8914,6.78
8915,6.86
8916,6.74
8917,6.76
8918,6.80
8919,6.89
8920,6.86
8921,6.73
8922,6.88
8923,6.88
8924,6.75
8925,6.69
8926,6.81
8927,6.87
8928,6.89
8929,6.77
8930,6.90
8931,6.70
8932,6.79
8933,6.79
8934,6.87
8935,6.88
8936,6.86
8937,6.74
8938,6.85
8939,6.84
8940,6.73
8941,6.71
8942,6.86
8943,6.80
8944,6.75
8945,6.80
8946,6.83
8947,6.81
8948,6.73
8949,6.91
8950,6.86
8951,6.79
8952,6.80
8953,6.83
8954,6.75
8955,6.83
8956,6.74
8957,6.81
8958,6.75
8959,6.75
8960,6.89
8961,6.81
8962,6.82
8963,6.71
8964,6.78
8965,6.83
8966,6.82
8967,6.70
8968,6.82
8969,6.83
8970,0.41
8971,6.78
8972,6.70
8973,6.76
8974,6.76
8975,6.85
8976,6.67
8977,6.79
8978,6.88
8979,6.81
8980,6.85
8981,6.73
8982,6.73
8983,6.88
8984,6.81
8985,6.81
8986,6.75
8987,6.81
8988,6.75
8989,6.87
8990,6.95
8991,6.83
8992,6.78
8993,6.68
8994,6.72
8995,6.89
8996,6.76
8997,6.79
8998,6.84
8999,6.88
9000,6.80
9001,6.79
9002,6.81
9003,6.78
9004,6.78
9005,6.83
9006,6.82
9007,6.92
9008,6.83
9009,6.87
9010,6.75
9011,6.83
9012,6.77
9013,6.83
9014,6.84
9015,6.81
9016,6.93
9017,6.88
9018,6.87
9019,6.85
9020,6.90
9021,6.74
9022,6.88
9023,6.76
9024,6.78
9025,6.84
9026,6.87
9027,6.75
9028,6.78
9029,6.81
9030,6.80
9031,6.85
9032,6.98
9033,6.83
9034,6.77
9035,6.74
9036,6.79
9037,6.76
9038,6.83
9039,6.83
9040,6.78
9041,6.91
9042,6.77
9043,6.80
9044,6.84
9045,6.85
9046,6.87
9047,6.83
9048,6.86
9049,6.77
9050,6.85
9051,6.85
9052,6.88
9053,6.72
9054,6.76
9055,6.85
9056,6.67
9057,6.83
9058,6.86
9059,6.78
9060,6.78
9061,6.75
9062,6.78
9063,6.78
9064,6.77
9065,6.77
9066,6.79
9067,6.79
9068,6.90
9069,6.79
9070,6.82
9071,6.78
9072,6.78
9073,6.72
9074,6.73
9075,6.74
9076,6.81
9077,6.86
9078,6.72
9079,6.78
9080,6.74
9081,6.79
9082,6.86
9083,6.78
9084,6.80
9085,6.88
9086,6.83
9087,6.77
9088,6.81
9089,6.76
9090,6.83
9091,6.83
9092,6.74
9093,1.29
9094,6.80
9095,6.83
9096,6.85
9097,6.83
9098,6.79
9099,6.85
9100,6.76
9101,6.74
9102,6.64
9103,6.80
9104,6.76
9105,6.82
9106,6.70
9107,6.77
9108,6.83
9109,6.75
9110,6.82
9111,6.78
9112,6.80
9113,6.83
9114,6.85
9115,6.81
9116,6.76
9117,6.78
9118,6.83
9119,6.75
9120,6.79
9121,6.78
9122,6.80
9123,6.75
9124,6.71
9125,6.83
9126,6.85
9127,6.71
9128,6.82
9129,6.86
9130,6.83
9131,6.78
9132,6.75
9133,6.81
9134,6.81
9135,6.81
9136,6.79
9137,6.75
9138,6.82
9139,6.83
9140,6.81
9141,6.81
9142,6.89
9143,6.77
9144,0.76
9145,6.76
9146,6.86
9147,6.86
9148,6.79
9149,6.88
9150,6.82
9151,6.76
9152,6.78
9153,6.86
9154,6.85
9155,6.75
9156,6.79
9157,6.81
9158,6.78
9159,6.92
9160,6.81
9161,6.80
9162,6.86
9163,6.78
9164,6.85
9165,6.72
9166,6.78
9167,6.85
9168,6.88
9169,6.76
9170,6.76
9171,6.83
9172,6.77
9173,6.79
9174,6.84
9175,6.77
9176,6.70
9177,6.73
9178,6.80
9179,6.71
9180,6.78
9181,6.73
9182,6.88
9183,6.91
9184,6.75
9185,6.81
9186,6.75
9187,6.78
9188,6.89
9189,6.78
9190,6.78
9191,6.75
9192,6.86
9193,6.64
9194,6.78
9195,6.80
9196,6.77
9197,6.84
9198,6.86
9199,6.73
9200,6.90
9201,6.73
9202,6.86
9203,6.81
9204,6.77
9205,6.78
9206,6.80
9207,6.81
9208,6.75
9209,6.79
9210,6.76
9211,6.74
9212,6.76
9213,6.74
9214,6.78
9215,6.82
9216,6.80
9217,6.90
9218,6.69
9219,6.82
9220,6.80
9221,6.84
9222,6.83
9223,6.79
9224,6.81
9225,6.76
9226,6.83
9227,6.70
9228,6.84
9229,6.80
9230,6.77
9231,6.78
9232,6.79
9233,6.86
9234,6.96
9235,6.86
9236,6.77
9237,6.83
9238,6.83
9239,6.75
9240,6.73
9241,6.79
9242,6.84
9243,6.72
9244,6.76
9245,6.82
9246,6.80
9247,6.87
9248,6.72
9249,6.91
9250,6.72
9251,6.69
9252,6.79
9253,6.74
9254,6.79
9255,6.79
9256,6.79
9257,6.75
9258,6.82
9259,6.78
9260,6.85
9261,6.79
9262,6.75
9263,6.71
9264,6.79
9265,6.73
9266,6.73
9267,6.82
9268,6.71
9269,6.86
9270,6.80
9271,6.79
9272,6.74
9273,6.83
9274,6.79
9275,6.76
9276,6.80
9277,6.71
9278,6.71
9279,6.74
9280,6.81
9281,6.79
9282,6.85
9283,6.75
9284,6.82
9285,6.79
9286,6.75
9287,6.81
9288,6.79
9289,6.76
9290,6.80
9291,6.79
9292,6.79
9293,6.77
9294,6.73
9295,6.80
9296,6.75
9297,6.74
9298,6.78
9299,6.83
9300,6.80
9301,6.77
9302,6.76
9303,6.82
9304,6.67
9305,6.83
9306,6.70
9307,6.72
9308,6.77
9309,6.90
9310,6.88
9311,6.83
9312,6.81
9313,6.70
9314,6.80
9315,6.76
9316,6.75
9317,6.80
9318,6.77
9319,6.84
9320,6.69
9321,6.80
9322,6.75
9323,6.77
9324,6.81
9325,6.74
9326,6.80
9327,6.78
9328,6.76
9329,6.77
9330,6.78
9331,6.75
9332,6.79
9333,6.78
9334,6.76
9335,6.87
9336,6.81
9337,6.77
9338,6.80
9339,6.74
9340,6.77
9341,6.77
9342,6.73
9343,6.81
9344,6.77
9345,6.77
9346,6.76
9347,6.94
9348,6.76
9349,6.69
9350,6.71
9351,6.83
9352,6.86
9353,6.76
9354,6.85
9355,6.83
9356,6.78
9357,6.78
9358,6.80
9359,6.83
9360,6.81
9361,6.76
9362,6.78
9363,6.89
9364,6.80
9365,6.83
9366,6.82
9367,6.80
9368,6.80
9369,6.83
9370,6.83
9371,6.80
9372,6.75
9373,6.81
9374,6.79
9375,6.77
9376,6.92
9377,6.71
9378,6.84
9379,6.75
9380,6.80
9381,6.92
9382,6.74
9383,6.75
9384,6.79
9385,6.75
9386,6.83
9387,6.76
9388,6.82
9389,6.72
9390,6.70
9391,6.78
9392,6.71
9393,6.86
9394,6.71
9395,6.74
9396,6.81
9397,6.76
9398,6.71
9399,6.89
9400,6.74
9401,6.78
9402,6.78
9403,6.82
9404,6.81
9405,6.75
9406,6.77
9407,6.78
9408,6.83
9409,6.73
9410,6.89
9411,6.75
9412,6.79
9413,6.73
9414,6.72
9415,6.74
9416,6.74
9417,6.77
9418,6.74
9419,6.82
9420,6.75
9421,6.74
9422,6.77
9423,6.84
9424,6.80
9425,6.78
9426,6.72
9427,6.73
9428,6.72
9429,6.85
9430,6.81
9431,6.74
9432,6.76
9433,6.75
9434,6.74
9435,6.81
9436,6.77
9437,6.89
9438,6.85
9439,6.85
9440,6.82
9441,6.77
9442,6.82
9443,6.77
9444,6.87
9445,6.81
9446,6.80
9447,6.79
9448,6.87
9449,6.72
9450,6.88
9451,6.78
9452,6.72
9453,6.75
9454,6.70
9455,6.82
9456,6.73
9457,6.80
9458,6.84
9459,6.75
9460,6.77
9461,6.72
9462,6.77
9463,6.92
9464,6.83
9465,6.77
9466,6.76
9467,6.78
9468,6.79
9469,6.77
9470,6.81
9471,6.74
9472,6.74
9473,6.80
9474,6.73
9475,6.82
9476,6.79
9477,6.69
9478,6.79
9479,6.70
9480,6.82
9481,6.77
9482,6.88
9483,6.84
9484,6.73
9485,6.68
9486,6.75
9487,6.72
9488,6.88
9489,6.79
9490,6.83
9491,6.77
9492,6.78
9493,6.78
9494,6.84
9495,6.80
9496,6.73
9497,6.87
9498,6.77
9499,6.76
9500,6.64
9501,6.82
9502,6.79
9503,6.79
9504,6.77
9505,6.76
9506,6.77
9507,6.81
9508,6.82
9509,6.77
9510,6.83
9511,6.78
9512,6.76
9513,6.80
9514,6.72
9515,6.80
9516,6.71
9517,6.73
9518,6.68
9519,6.78
9520,6.87
9521,6.78
9522,6.82
9523,6.90
9524,6.81
9525,6.75
9526,6.75
9527,6.79
9528,6.75
9529,6.76
9530,6.83
9531,6.84
9532,6.70
9533,6.74
9534,6.76
9535,6.82
9536,6.84
9537,6.92
9538,6.76
9539,6.76
9540,6.81
9541,6.75
9542,6.78
9543,6.76
9544,6.65
9545,6.79
9546,6.78
9547,6.85
9548,6.79
9549,6.72
9550,6.77
9551,6.68
9552,6.72
9553,6.82
9554,6.77
9555,6.83
9556,6.69
9557,6.77
9558,6.76
9559,6.83
9560,6.82
9561,6.82
9562,6.86
9563,6.77
9564,6.85
9565,6.73
9566,6.73
9567,6.82
9568,6.71
9569,6.81
9570,6.79
9571,6.84
9572,6.78
9573,6.79
9574,6.81
9575,6.75
9576,6.75
9577,6.81
9578,6.78
9579,6.76
9580,6.78
9581,6.86
9582,6.76
9583,6.76
9584,6.70
9585,6.78
9586,6.82
9587,6.83
9588,6.79
9589,6.83
9590,6.82
9591,6.84
9592,6.83
9593,6.86
9594,6.78
9595,6.72
9596,6.82
9597,6.82
9598,6.86
9599,6.85
9600,6.88
9601,6.82
9602,6.80
9603,6.72
9604,6.80
9605,6.76
9606,6.80
9607,6.79
9608,6.81
9609,6.78
9610,6.83
9611,6.65
9612,6.79
9613,6.85
9614,6.88
9615,6.82
9616,6.87
9617,6.79
9618,6.79
9619,6.81
9620,6.78
9621,6.75
9622,6.76
9623,6.73
9624,6.81
9625,6.79
9626,6.77
9627,6.76
9628,6.81
9629,6.82
9630,6.73
9631,6.72
9632,6.83
9633,6.72
9634,6.81
9635,6.87
9636,6.87
9637,6.82
9638,6.82
9639,6.90
9640,6.67
9641,6.76
9642,6.83
9643,6.77
9644,6.85
9645,6.78
9646,6.79
9647,6.77
9648,6.76
9649,6.76
9650,6.80
9651,6.75
9652,6.83
9653,6.82
9654,6.84
9655,6.73
9656,6.70
9657,6.79
9658,6.93
9659,6.85
9660,6.76
9661,6.81
9662,6.82
9663,6.72
9664,6.85
9665,6.78
9666,6.78
9667,6.79
9668,6.84
9669,6.75
9670,6.70
9671,6.80
9672,6.68
9673,6.77
9674,6.85
9675,6.81
9676,6.84
9677,6.82
9678,6.91
9679,6.76
9680,6.81
9681,6.76
9682,6.83
9683,6.78
9684,6.87
9685,6.76
9686,6.86
9687,6.82
9688,6.78
9689,6.81
9690,6.80
9691,6.80
9692,6.78
9693,6.75
9694,6.77
9695,6.70
9696,6.83
9697,6.72
9698,6.78
9699,6.82
9700,6.83
9701,6.70
9702,6.78
9703,6.81
9704,6.79
9705,6.85
9706,6.75
9707,6.68
9708,6.83
9709,6.76
9710,6.70
9711,6.78
9712,6.85
9713,6.72
9714,6.90
9715,6.74
9716,6.79
9717,6.73
9718,6.79
9719,6.78
9720,6.71
9721,6.93
9722,6.76
9723,6.76
9724,6.84
9725,6.88
9726,6.84
9727,6.73
9728,6.80
9729,6.69
9730,6.83
9731,6.71
9732,6.75
9733,6.79
9734,6.81
9735,6.77
9736,6.86
9737,6.82
9738,6.82
9739,6.73
9740,6.87
9741,6.75
9742,6.87
9743,6.89
9744,6.81
9745,6.84
9746,6.63
9747,6.78
9748,6.84
9749,6.83
9750,6.73
9751,6.77
9752,6.66
9753,6.81
9754,6.69
9755,6.84
9756,6.85
9757,6.76
9758,6.81
9759,6.78
9760,6.80
9761,6.73
9762,6.82
9763,6.71
9764,6.70
9765,6.78
9766,6.78
9767,6.80
9768,6.76
9769,6.88
9770,6.80
9771,6.80
9772,6.80
9773,6.84
9774,6.82
9775,6.81
9776,6.83
9777,6.70
9778,6.70
9779,6.79
9780,6.78
9781,6.82
9782,6.79
9783,6.82
9784,6.73
9785,6.79
9786,6.72
9787,6.81
9788,6.70
9789,6.81
9790,6.72
9791,6.77
9792,6.83
9793,6.80
9794,6.71
9795,6.76
9796,6.71
9797,6.70
9798,6.80
9799,6.82
9800,6.81
9801,6.82
9802,6.79
9803,6.78
9804,6.74
9805,6.77
9806,0.38
9807,6.75
9808,6.79
9809,6.78
9810,6.94
9811,6.72
9812,6.78
9813,6.72
9814,6.77
9815,6.77
9816,6.83
9817,6.77
9818,6.78
9819,6.77
9820,6.72
9821,6.76
9822,6.77
9823,6.79
9824,6.82
9825,6.78
9826,6.78
9827,6.70
9828,6.82
9829,6.76
9830,6.83
9831,6.86
9832,6.78
9833,6.74
9834,6.79
9835,6.81
9836,6.78
9837,6.76
9838,6.82
9839,6.82
9840,6.77
9841,6.71
9842,6.81
9843,6.75
9844,6.80
9845,6.80
9846,6.70
9847,6.80
9848,6.82
9849,6.82
9850,6.80
9851,6.69
9852,6.86
9853,6.81
9854,6.73
9855,6.75
9856,6.80
9857,6.83
9858,6.77
9859,6.83
9860,6.70
9861,6.74
9862,6.69
9863,6.75
9864,6.87
9865,6.90
9866,6.80
9867,6.76
9868,6.78
9869,6.82
9870,6.71
9871,6.76
9872,6.86
9873,6.74
9874,6.76
9875,6.79
9876,6.81
9877,6.76
9878,6.80
9879,6.82
9880,6.89
9881,6.79
9882,6.79
9883,6.87
9884,6.77
9885,6.73
9886,6.81
9887,6.85
9888,6.81
9889,6.79
9890,6.72
9891,6.79
9892,6.86
9893,6.73
9894,6.78
9895,6.77
9896,6.76
9897,6.81
9898,6.82
9899,6.82
9900,6.75
9901,6.71
9902,6.81
9903,6.77
9904,6.89
9905,6.89
9906,6.89
9907,6.75
9908,6.82
9909,6.84
9910,6.83
9911,6.78
9912,6.86
9913,6.80
9914,6.80
9915,6.72
9916,6.83
9917,6.78
9918,6.82
9919,6.81
9920,6.80
9921,6.79
9922,6.84
9923,6.79
9924,6.72
9925,6.82
9926,6.76
9927,6.73
9928,6.74
9929,6.81
9930,6.79
9931,6.69
9932,6.78
9933,6.85
9934,6.77
9935,6.79
9936,6.85
9937,6.84
9938,6.85
9939,6.66
9940,6.88
9941,6.83
9942,6.92
9943,6.76
9944,6.71
9945,6.80
9946,6.78
9947,6.83
9948,6.85
9949,6.79
9950,6.79
9951,6.82
9952,6.78
9953,6.78
9954,6.85
9955,6.86
9956,6.85
9957,6.79
9958,6.69
9959,6.79
9960,6.76
9961,6.79
9962,6.76
9963,6.80
9964,6.75
9965,6.73
9966,6.86
9967,6.75
9968,6.80
9969,6.85
9970,6.84
9971,6.84
9972,6.81
9973,6.83
9974,6.87
9975,6.82
9976,6.71
9977,6.77
9978,6.83
9979,6.77
9980,6.88
9981,6.80
9982,6.80
9983,6.86
9984,6.79
9985,6.81
9986,6.84
9987,6.73
9988,6.79
9989,6.84
9990,6.80
9991,6.87
9992,6.72
9993,6.72
9994,6.84
9995,6.84
9996,6.79
9997,6.82
9998,6.84
9999,6.76
